cName,cCity,cCountry,cVersion,cLength,cYearRec,cDrivRec,cLapRec
Adelaide Street Circuit,Adelaide,Australia,Supercars Circuit (1999–2026),3.219 km,NULL,NULL,NULL
Adelaide Street Circuit,Adelaide,Australia,"Formula One Grand Prix Circuit (1985–1995, 2000)",3.780 km,1993,Damon Hill,75.381
Ain Diab,Casablanca,Morocco,Grand Prix Circuit (1957–1958),7.603 km,1958,Stirling Moss,142.5
Aintree,Liverpool,UK,Grand Prix Circuit (1954–1964),4.828 km,1963,Jim Clark,111.8
Albert Park Grand Prix Circuit,Melbourne,Australia,Grand Prix Circuit (2021–present),5.278 km,2024,Charles Leclerc,79.813
Albert Park Grand Prix Circuit,Melbourne,Australia,Grand Prix Circuit (1996–2020),5.303 km,2004,Michael Schumacher,84.125
Albert Park Grand Prix Circuit,Melbourne,Australia,Original Circuit (1953–1958),5.027 km,NULL,NULL,NULL
Circuit of the Americas,Austin,USA,Grand Prix Circuit (2012–present),3.426 mi,2019,Charles Leclerc,96.169
Circuit of the Americas,Austin,USA,NASCAR Circuit (2025–present),2.400 mi,NULL,NULL,NULL
Circuit of the Americas,Austin,USA,National Circuit (2012–present),2.300 mi,NULL,NULL,NULL
Scandinavian Raceway,Anderstorp,Sweden,Grand Prix Circuit (1998–present),4.025 km,2009,Marijn van Kalmthout,81.525
Scandinavian Raceway,Anderstorp,Sweden,Grand Prix Circuit (1978–1997),4.031 km,1978,Niki Lauda,84.836
Scandinavian Raceway,Anderstorp,Sweden,Grand Prix Circuit (1975–1977),4.018 km,1977,Mario Andretti,87.607
Scandinavian Raceway,Anderstorp,Sweden,Original Grand Prix Circuit (1968–1974),4.025 km,1973,Denny Hulme,86.146
AVUS,Berlin,Germany,Grand Prix Circuit with Chicane (1994–1998),2.660 km,NULL,NULL,NULL
AVUS,Berlin,Germany,Grand Prix Circuit (1992–1993),2.639 km,NULL,NULL,NULL
AVUS,Berlin,Germany,Grand Prix Circuit (1989–1991),4.879 km,NULL,NULL,NULL
AVUS,Berlin,Germany,Grand Prix Circuit with Unbanked Nord Kehre (1968–1988),8.109 km,NULL,NULL,NULL
AVUS,Berlin,Germany,Grand Prix Circuit (1951–1967),8.300 km,1959,Tony Brooks,124.5
AVUS,Berlin,Germany,Grand Prix Circuit (1937–1939),19.291 km,NULL,NULL,NULL
AVUS,Berlin,Germany,Original Grand Prix Circuit (1921–1936),19.569 km,NULL,NULL,NULL
Bahrain International Circuit,Sakhir,Bahrain,Grand Prix Circuit (2005–present),5.412 km,2005,Pedro de la Rosa,91.447
Bahrain International Circuit,Sakhir,Bahrain,Outer Circuit (2005–present),3.543 km,2020,George Russell,55.404
Bahrain International Circuit,Sakhir,Bahrain,Endurance Circuit (2005–present),6.299 km,2010,Fernando Alonso,118.287
Bahrain International Circuit,Sakhir,Bahrain,Paddock Circuit (2004–present),3.823 km,NULL,NULL,NULL
Bahrain International Circuit,Sakhir,Bahrain,Oasis / Inner Circuit (2004–present),2.550 km,NULL,NULL,NULL
Bahrain International Circuit,Sakhir,Bahrain,Original Grand Prix Circuit (2004),5.417 km,2004,Michael Schumacher,90.252
Baku City Circuit,Baku,Azerbaijan,Grand Prix Circuit (2016–present),6.003 km,2019,Charles Leclerc,103.009
Circuito da Boavista,Oporto,Portugal,Revival Circuit (2005–2013),4.800 km,NULL,NULL,NULL
Circuito da Boavista,Oporto,Portugal,Second Grand Prix Circuit (1952–1960),7.406 km,1960,John Surtees,147.53
Circuito da Boavista,Oporto,Portugal,Original Grand Prix Circuit (1950–1951),7.775 km,NULL,NULL,NULL
Brands Hatch,Kent,UK,Grand Prix Circuit (2003–present),3.916 km,NULL,NULL,NULL
Brands Hatch,Kent,UK,Indy Circuit (2003–present),1.944 km,2004,Scott Mansell,38.032
Brands Hatch,Kent,UK,Grand Prix Circuit (1999–2002),4.221 km,2001,Tony Worswick,76.17
Brands Hatch,Kent,UK,Grand Prix Circuit (1988–1998),4.182 km,NULL,NULL,NULL
Brands Hatch,Kent,UK,Indy Circuit (1976–1998),1.938 km,NULL,NULL,NULL
Brands Hatch,Kent,UK,Grand Prix Circuit (1976–1987),4.207 km,1986,Nigel Mansell,69.593
Brands Hatch,Kent,UK,Grand Prix Circuit (1960–1975),4.265 km,1974,Niki Lauda,81.1
Brands Hatch,Kent,UK,Club Circuit (1954–1975),1.995 km,NULL,NULL,NULL
Circuit Bremgarten,Bern,Switzerland,Grand Prix Circuit (1931–1955),7.280 km,NULL,NULL,NULL
Buddh International Circuit,Uttar Pradesh,India,Grand Prix Circuit (2011–present),5.125 km,2011,Sebastian Vettel,87.249
Buddh International Circuit,Uttar Pradesh,India,Motorcycle Circuit (2011–present),5.010 km,NULL,NULL,NULL
Buddh International Circuit,Uttar Pradesh,India,Short Circuit (2011–present),3.100 km,NULL,NULL,NULL
Circuit de Barcelona-Catalunya,Barcelona,Spain,Grand Prix Circuit without Chicane (2021–present),4.657 km,2025,Oscar Piastri,75.743
Circuit de Barcelona-Catalunya,Barcelona,Spain,Grand Prix Circuit with Chicane (2021–present),4.675 km,2021,Max Verstappen,78.149
Circuit de Barcelona-Catalunya,Barcelona,Spain,Grand Prix Circuit (2007–2020) & Motorcycle Circuit (2016–2017),4.655 km,2020,Valtteri Bottas,78.183
Circuit de Barcelona-Catalunya,Barcelona,Spain,Motorcycle Circuit (2018–2020) & Grand Prix Circuit (2004–2006),4.627 km,2005,Giancarlo Fisichella,75.641
Circuit de Barcelona-Catalunya,Barcelona,Spain,Motorcycle Circuit (1995–2016) & Grand Prix Circuit (1995–2003),4.730 km,2003,Rubens Barrichello,80.143
Circuit de Barcelona-Catalunya,Barcelona,Spain,Original Layout with Nissan Chicane (1994),4.745 km,1994,Michael Schumacher,85.155
Circuit de Barcelona-Catalunya,Barcelona,Spain,Original Layout (1991–1993),4.747 km,1993,Michael Schumacher,80.989
Charade Circuit,Clermont-Ferrand,France,Modern Circuit (1989–present),3.975 km,NULL,NULL,NULL
Charade Circuit,Clermont-Ferrand,France,Original Circuit (1958–1988),8.055 km,1972,Chris Amon,173.9
Fair Park,Dallas,USA,Trans-Am Circuit (1988),1.300 mi,NULL,NULL,NULL
Fair Park,Dallas,USA,Grand Prix Circuit (1984),2.424 mi,NULL,NULL,NULL
Detroit Street Circuit,Detroit,USA,Grand Prix Circuit (2023–present),1.645 mi,NULL,NULL,NULL
Detroit Street Circuit,Detroit,USA,Grand Prix Circuit (1983–1991),2.500 mi,1987,Ayrton Senna,100.464
Detroit Street Circuit,Detroit,USA,Grand Prix Circuit (1982),2.590 mi,1982,Alain Prost,110.438
Dijon-Prenois,Dijon,France,Grand Prix Circuit (1976–present),3.801 km,2015,Ingo Gerstl,62.985
Dijon-Prenois,Dijon,France,Short Circuit (1972–present),3.289 km,1974,Jody Scheckter,60.0
Donington Park,Castle Donington,UK,Grand Prix Circuit (1986–present),4.020 km,NULL,NULL,NULL
Donington Park,Castle Donington,UK,National Circuit with realigned Goddards Chicane (2010–present),3.149 km,2011,Marijn van Kalmthout,57.221
Donington Park,Castle Donington,UK,National Circuit (1977–2009),3.149 km,2004,Scott Mansell,55.859
Donington Park,Castle Donington,UK,Grand Prix Circuit (1937–1939),5.029 km,NULL,NULL,NULL
Donington Park,Castle Donington,UK,Grand Prix Circuit (1935–1936),4.107 km,NULL,NULL,NULL
Donington Park,Castle Donington,UK,Original Circuit (1931–1934),3.518 km,NULL,NULL,NULL
Rouen-Les-Essarts,Rouen,France,Grand Prix Circuit (1972–1994),5.543 km,NULL,NULL,NULL
Rouen-Les-Essarts,Rouen,France,Grand Prix Circuit (1955–1971),6.542 km,NULL,NULL,NULL
Rouen-Les-Essarts,Rouen,France,Original Grand Prix Circuit (1950–1954),5.100 km,1954,Maurice Trintignant,129.9
Autódromo do Estoril,Estoril,Portugal,Grand Prix Circuit (2000–present),4.182 km,NULL,NULL,NULL
Autódromo do Estoril,Estoril,Portugal,Tanque Circuit (2018–present),4.163 km,NULL,NULL,NULL
Autódromo do Estoril,Estoril,Portugal,Grand Prix Circuit (1994–1999),4.360 km,1994,David Coulthard,82.446
Autódromo do Estoril,Estoril,Portugal,Superbike Circuit (1993),4.520 km,NULL,NULL,NULL
Autódromo do Estoril,Estoril,Portugal,Grand Prix Circuit (1972–1993),4.349 km,1993,Damon Hill,74.859
Autódromo do Estoril,Estoril,Portugal,Perimeter Circuit (1972–1999),2.942 km,NULL,NULL,NULL
Fuji Speedway,Oyama,Japan,4th and current configuration (2005–present),4.563 km,2008,Felipe Massa,78.426
Fuji Speedway,Oyama,Japan,3rd configuration (September 1987–2003),4.400 km,NULL,NULL,NULL
Fuji Speedway,Oyama,Japan,2nd configuration (1975–August 1987),4.359 km,1977,Jody Scheckter,74.3
Fuji Speedway,Oyama,Japan,Original Circuit (1965–1974),5.999 km,NULL,NULL,NULL
Autódromo Juan y Oscar Gálvez,Buenos Aires,Argentina,No. 6 circuit with Senna S (1995–2026),4.259 km,1997,Gerhard Berger,87.981
Autódromo Juan y Oscar Gálvez,Buenos Aires,Argentina,No. 6 circuit (1972–2026),4.101 km,NULL,NULL,NULL
Autódromo Juan y Oscar Gálvez,Buenos Aires,Argentina,No. 15 circuit (1972–2026),5.968 km,1981,Nelson Piquet,105.287
Autódromo Juan y Oscar Gálvez,Buenos Aires,Argentina,No. 12 circuit (1972–2026),5.651 km,NULL,NULL,NULL
Autódromo Juan y Oscar Gálvez,Buenos Aires,Argentina,No. 9 circuit (1972–2026),3.353 km,NULL,NULL,NULL
Autódromo Juan y Oscar Gálvez,Buenos Aires,Argentina,No. 8 circuit (1972–2026),3.380 km,NULL,NULL,NULL
Autódromo Juan y Oscar Gálvez,Buenos Aires,Argentina,No. 5 circuit (1972–2026),2.115 km,NULL,NULL,NULL
Autódromo Juan y Oscar Gálvez,Buenos Aires,Argentina,No. 7 circuit (1972–2026),2.607 km,NULL,NULL,NULL
Autódromo Juan y Oscar Gálvez,Buenos Aires,Argentina,No. 14 circuit (1968–1971),6.122 km,NULL,NULL,NULL
Autódromo Juan y Oscar Gálvez,Buenos Aires,Argentina,No. 2 circuit (1952–1971),3.912 km,1960,Stirling Moss,96.1
Autódromo Juan y Oscar Gálvez,Buenos Aires,Argentina,No. 4 circuit (1952–1971),4.706 km,NULL,NULL,NULL
Prince George Circuit,Eastern Cape Province,South Africa,Grand Prix Circuit (1959–present),3.920 km,1968,John Love,84.3
Hockenheimring,Hockenheim,Germany,Grand Prix Circuit (2002–present),4.574 km,2004,Kimi Räikkönen,73.78
Hockenheimring,Hockenheim,Germany,National Circuit (2002–present),3.736 km,NULL,NULL,NULL
Hockenheimring,Hockenheim,Germany,Short Circuit (1966–2001),2.638 km,2001,Josef Neuhauser,57.45
Hockenheimring,Hockenheim,Germany,Hockenheimring (1994–2001),6.823 km,2001,Juan Pablo Montoya,101.808
Hockenheimring,Hockenheim,Germany,Hockenheimring (1992–1993),6.815 km,1992,Riccardo Patrese,101.591
Hockenheimring,Hockenheim,Germany,Hockenheimring (1982–1991),6.802 km,1991,Riccardo Patrese,103.569
Hockenheimring,Hockenheim,Germany,Hockenheimring (1970–1981),6.790 km,1980,Alan Jones,108.49
Hockenheimring,Hockenheim,Germany,Hockenheimring (1966–1970),6.769 km,NULL,NULL,NULL
Hockenheimring,Hockenheim,Germany,Kurpfalzring (1938–1965),7.692 km,NULL,NULL,NULL
Hungaroring,Budapest,Hungary,Grand Prix Circuit (2003–present),4.381 km,2020,Lewis Hamilton,76.627
Hungaroring,Budapest,Hungary,Modified Grand Prix Circuit (1989–2002),3.975 km,2002,Michael Schumacher,76.207
Hungaroring,Budapest,Hungary,Original Grand Prix Circuit (1986–1988),4.014 km,1987,Nelson Piquet,90.149
Autodromo Enzo e Dino Ferrari,Imola,Italy,Grand Prix Circuit (2008–present),4.909 km,2020,Lewis Hamilton,75.484
Autodromo Enzo e Dino Ferrari,Imola,Italy,Motorcycle Circuit (2009–present),4.936 km,NULL,NULL,NULL
Autodromo Enzo e Dino Ferrari,Imola,Italy,Grand Prix Circuit (1995–2006),4.959 km,2004,Michael Schumacher,80.411
Autodromo Enzo e Dino Ferrari,Imola,Italy,Grand Prix Circuit (1980–1994),5.040 km,1994,Damon Hill,84.335
Autodromo Enzo e Dino Ferrari,Imola,Italy,Grand Prix Circuit (1973–1979),5.060 km,1979,Gilles Villeneuve,93.61
Autodromo Enzo e Dino Ferrari,Imola,Italy,Original Grand Prix Circuit (1953–1972),5.018 km,NULL,NULL,NULL
Indianapolis Motor Speedway,Indianapolis,USA,Rectangular Oval Track (1909–present),2.500 mi,NULL,NULL,NULL
Indianapolis Motor Speedway,Indianapolis,USA,Grand Prix Road Course (2014–present),2.439 mi,NULL,NULL,NULL
Indianapolis Motor Speedway,Indianapolis,USA,Modified Motorcycle Course (2014–present),2.591 mi,NULL,NULL,NULL
Indianapolis Motor Speedway,Indianapolis,USA,SCCA Runoffs Road Course (2014–present),2.589 mi,NULL,NULL,NULL
Indianapolis Motor Speedway,Indianapolis,USA,Original Motorcycle Course (2008–2013),2.621 mi,NULL,NULL,NULL
Indianapolis Motor Speedway,Indianapolis,USA,Grand Prix Road Course (2008–2013),2.534 mi,NULL,NULL,NULL
Indianapolis Motor Speedway,Indianapolis,USA,Grand Prix Road Course (2000–2007),2.605 mi,2004,Rubens Barrichello,70.399
Autódromo José Carlos Pace,São Paulo,Brazil,Grand Prix Circuit (5th Variation)(1999–present),4.309 km,2018,Valtteri Bottas,70.54
Autódromo José Carlos Pace,São Paulo,Brazil,Stock Car Circuit with Chicane (2011–2017),4.314 km,NULL,NULL,NULL
Autódromo José Carlos Pace,São Paulo,Brazil,Grand Prix Circuit (4th Variation)(1996–1998),4.292 km,1997,Jacques Villeneuve,78.397
Autódromo José Carlos Pace,São Paulo,Brazil,Grand Prix Circuit (3rd Variation)(1990–1995),4.325 km,1994,Michael Schumacher,78.455
Autódromo José Carlos Pace,São Paulo,Brazil,Motorcycle Circuit (1992),4.352 km,NULL,NULL,NULL
Autódromo José Carlos Pace,São Paulo,Brazil,Grand Prix Circuit (2nd Variation)(1980–1989),7.873 km,1980,René Arnoux,147.311
Autódromo José Carlos Pace,São Paulo,Brazil,Original Grand Prix Circuit (1940–1979),7.960 km,1979,Jacques Laffite,148.76
Istanbul Park,Istanbul,Turkey,Grand Prix Circuit (2005–present),5.338 km,2005,Juan Pablo Montoya,84.77
Autódromo Internacional Nelson Piquet,Rio de Janeiro,Brazil,Short Circuit (1996–2012),3.336 km,NULL,NULL,NULL
Autódromo Internacional Nelson Piquet,Rio de Janeiro,Brazil,Modified Grand Prix Circuit (1996–2005),4.933 km,NULL,NULL,NULL
Autódromo Internacional Nelson Piquet,Rio de Janeiro,Brazil,Emerson Fittipaldi Speedway (1996–2005),3.000 km,NULL,NULL,NULL
Autódromo Internacional Nelson Piquet,Rio de Janeiro,Brazil,Original Grand Prix Circuit (1978–1995),5.031 km,1989,Riccardo Patrese,92.507
Jarama,Madrid,Spain,Grand Prix Circuit (1991–present),3.850 km,NULL,NULL,NULL
Jarama,Madrid,Spain,Formula E Circuit (2026),3.934 km,NULL,NULL,NULL
Jarama,Madrid,Spain,Grand Prix Circuit (1980–1990),3.314 km,1980,Alan Jones,75.467
Jarama,Madrid,Spain,Original Grand Prix Circuit (1967–1979),3.404 km,1979,Gilles Villeneuve,76.44
Jeddah Corniche Circuit,Jeddah,Saudi Arabia,Grand Prix Circuit (2021–present),6.174 km,2021,Lewis Hamilton,90.734
Jeddah Corniche Circuit,Jeddah,Saudi Arabia,Formula E Circuit (2025–present),3.001 km,NULL,NULL,NULL
Jeddah Corniche Circuit,Jeddah,Saudi Arabia,Short Circuit (2022–present),3.450 km,NULL,NULL,NULL
Circuito de Jerez,Jerez de la Frontera,Spain,Grand Prix Circuit (1994–present),4.428 km,1997,Heinz-Harald Frentzen,83.135
Circuito de Jerez,Jerez de la Frontera,Spain,Motorcycle Circuit (1992–present) & Grand Prix Circuit (1992–1993),4.423 km,NULL,NULL,NULL
Circuito de Jerez,Jerez de la Frontera,Spain,Grand Prix Circuit (1985–1991),4.218 km,1990,Riccardo Patrese,84.513
Kyalami,Midrand,South Africa,Grand Prix Circuit (2015–present),4.529 km,NULL,NULL,NULL
Kyalami,Midrand,South Africa,Grand Prix Circuit (1992–1993 and 2009–2015),4.261 km,1992,Nigel Mansell,77.578
Kyalami,Midrand,South Africa,Grand Prix Circuit (1994–2009),4.2606 km,NULL,NULL,NULL
Kyalami,Midrand,South Africa,Grand Prix Circuit (1989–1991),3.888 km,NULL,NULL,NULL
Kyalami,Midrand,South Africa,Grand Prix Circuit (1968–1988),4.104 km,1985,Keke Rosberg,68.149
Kyalami,Midrand,South Africa,Original Grand Prix Circuit (1961–1967),4.094 km,1967,Dave Charlton,87.6
Las Vegas Street Circuit,Nevada,USA,Grand Prix Circuit (2023–present),3.853 mi,2025,Max Verstappen,93.365
Le Mans,Le Mans,France,Circuit des 24 Heures du Mans (2018–present),13.626 km,NULL,NULL,NULL
Le Mans,Le Mans,France,Circuit de la Sarthe (2007–2017),13.629 km,NULL,NULL,NULL
Le Mans,Le Mans,France,Circuit de la Sarthe (2002–2006),13.650 km,NULL,NULL,NULL
Le Mans,Le Mans,France,Circuit de la Sarthe (1997–2001),13.605 km,NULL,NULL,NULL
Le Mans,Le Mans,France,Circuit de la Sarthe (1990–1996),13.600 km,NULL,NULL,NULL
Le Mans,Le Mans,France,Circuit de la Sarthe (1987–1989),13.535 km,NULL,NULL,NULL
Le Mans,Le Mans,France,Circuit de la Sarthe (1986),13.528 km,NULL,NULL,NULL
Le Mans,Le Mans,France,Circuit de la Sarthe (1979–1985),13.626 km,NULL,NULL,NULL
Le Mans,Le Mans,France,Circuit de la Sarthe (1972–1978),13.640 km,NULL,NULL,NULL
Le Mans,Le Mans,France,Circuit de la Sarthe (1968–1971),13.469 km,NULL,NULL,NULL
Le Mans,Le Mans,France,Circuit de la Sarthe (1956–1967),13.461 km,NULL,NULL,NULL
Le Mans,Le Mans,France,Circuit de la Sarthe (1932–1955),13.492 km,NULL,NULL,NULL
Le Mans,Le Mans,France,Circuit de la Sarthe (1929–1931),16.340 km,NULL,NULL,NULL
Le Mans,Le Mans,France,Circuit de la Sarthe (1923–1928),17.262 km,NULL,NULL,NULL
Losail International Circuit,Lusail,Qatar,Grand Prix Circuit (2023–present),5.419 km,2024,Lando Norris,82.384
Losail International Circuit,Lusail,Qatar,Original Grand Prix Circuit (2004–2022),5.380 km,2021,Max Verstappen,83.196
Circuit de Nevers Magny-Cours,Magny Cours,France,Grand Prix Circuit (2003–present),4.411 km,2004,Michael Schumacher,75.377
Circuit de Nevers Magny-Cours,Magny Cours,France,Grand Prix Circuit (1992–2002),4.250 km,2002,David Coulthard,75.045
Circuit de Nevers Magny-Cours,Magny Cours,France,Grand Prix Circuit (1989–1991),4.271 km,1991,Nigel Mansell,79.168
Circuit de Nevers Magny-Cours,Magny Cours,France,Full Circuit (1971–1988),3.850 km,NULL,NULL,NULL
Circuit de Nevers Magny-Cours,Magny Cours,France,Original Circuit (1960–1988),1.995 km,NULL,NULL,NULL
Marina Bay Street Circuit,Marina Bay,Singapore,Grand Prix circuit (2025),4.927 km,2025,Lewis Hamilton,93.808
Marina Bay Street Circuit,Marina Bay,Singapore,Revised circuit with new straight between turns 15–16 (2023–2024),4.940 km,2024,Daniel Ricciardo,94.486
Marina Bay Street Circuit,Marina Bay,Singapore,Revised circuit with re-profiled turns 16–17 (2018–2022),5.063 km,2018,Kevin Magnussen,101.905
Marina Bay Street Circuit,Marina Bay,Singapore,Revised circuit with re-profiled turns 11–13 (2015–2017),5.065 km,2017,Lewis Hamilton,105.008
Marina Bay Street Circuit,Marina Bay,Singapore,Revised circuit with the Singapore Sling chicane at turn 10 removed (2013–2014),5.061 km,2013,Sebastian Vettel,108.574
Marina Bay Street Circuit,Marina Bay,Singapore,Original circuit (2008–2012),5.073 km,2008,Kimi Räikkönen,105.599
Miami International Autodrome,Miami,USA,Grand Prix Circuit (2022–present),3.363 mi,2023,Max Verstappen,89.708
Miami International Autodrome,Miami,USA,Extended Marina Loop (2024–present),2.800 mi,NULL,NULL,NULL
Miami International Autodrome,Miami,USA,MIA Loop (2024–present),1.442 mi,NULL,NULL,NULL
Circuit de Monaco,Monte Carlo,Monaco,Grand Prix Circuit (2015–present) (Tabac slightly moved),3.337 km,2021,Lewis Hamilton,72.909
Circuit de Monaco,Monte Carlo,Monaco,Extended Formula E Circuit (2021) (changes in Nouvelle Chicane),3.318 km,NULL,NULL,NULL
Circuit de Monaco,Monte Carlo,Monaco,Original Formula E Circuit (2015–2019),1.765 km,NULL,NULL,NULL
Circuit de Monaco,Monte Carlo,Monaco,"6th Variation (2003–2014) (tightened, slower chicane at exit of swimming pool section)",3.340 km,2004,Michael Schumacher,74.439
Circuit de Monaco,Monte Carlo,Monaco,5th Variation (1997–2002) (redesigned swimming pool section),3.370 km,2002,Rubens Barrichello,78.023
Circuit de Monaco,Monte Carlo,Monaco,4th Variation (1986–1996) (Nouvelle chicane added),3.328 km,1994,Michael Schumacher,81.076
Circuit de Monaco,Monte Carlo,Monaco,3rd Variation (1976–1985) (using tighter curves of Sainte Dévote and Antony Noghès),3.312 km,1985,Michele Alboreto,82.637
Circuit de Monaco,Monte Carlo,Monaco,"2nd Variation (1973–1975) (redesigned with new tunnel, swimming pool section)",3.278 km,1974,Ronnie Peterson,87.9
Circuit de Monaco,Monte Carlo,Monaco,1st Variation (1955–1972) (chicane in the port moved further away from the tunnel),3.145 km,1971,Jackie Stewart,82.2
Circuit de Monaco,Monte Carlo,Monaco,Original Circuit (1929–1954),3.180 km,NULL,NULL,NULL
Monsanto Park Circuit,Lisbon,Portugal,Grand Prix Circuit (1953–1959),5.440 km,1959,Stirling Moss,125.07
Montjuïc,Barcelona,Spain,"Temporary Street Circuit (1933–1950, 1953–1986)",3.791 km,1973,Ronnie Peterson,83.8
Montjuïc,Barcelona,Spain,Temporary Street Circuit (1952),4.205 km,NULL,NULL,NULL
Montjuïc,Barcelona,Spain,Temporary Street Circuit (1951),6.033 km,NULL,NULL,NULL
Autodromo Nazionale di Monza,Monza,Italy,Modern Grand Prix Circuit (2000–present),5.793 [ 4 ] [ 5 ] km,2025,257.781 km/h (160.178 mph ( Lando Norris,80.901
Autodromo Nazionale di Monza,Monza,Italy,Motorcycle Circuit (2010–present),5.777 km,NULL,NULL,NULL
Autodromo Nazionale di Monza,Monza,Italy,Junior Course (1959–present),2.405 [ 5 ] km,NULL,NULL,NULL
Autodromo Nazionale di Monza,Monza,Italy,Grand Prix Circuit (1996–1999),5.770 km,1997,Mika Häkkinen,84.808
Autodromo Nazionale di Monza,Monza,Italy,Grand Prix Circuit (1994–1995),5.834 km,1994,Damon Hill,84.808
Autodromo Nazionale di Monza,Monza,Italy,Grand Prix Circuit (1976–1993),5.800 km,1993,Damon Hill,83.575
Autodromo Nazionale di Monza,Monza,Italy,Grand Prix Circuit (1974–1976),5.780 km,NULL,NULL,NULL
Autodromo Nazionale di Monza,Monza,Italy,Grand Prix Circuit (1972–1973),5.775 km,NULL,NULL,NULL
Autodromo Nazionale di Monza,Monza,Italy,"Grand Prix Circuit (1955–1959, 1962–1971)Motorcycle Circuit (1955–1973)",5.750 km,1971,Henri Pescarolo,83.8
Autodromo Nazionale di Monza,Monza,Italy,Oval (1955–1971),4.250 [ 5 ] km,NULL,NULL,NULL
Autodromo Nazionale di Monza,Monza,Italy,Combined Course (1955–1971),10.000 km,1960,223.02 km/h (138.58 mph ( Phil Hill,163.6
Autodromo Nazionale di Monza,Monza,Italy,Grand Prix Circuit (1948–1954),6.300 km,1951,Giuseppe Farina,116.2
Autodromo Nazionale di Monza,Monza,Italy,Florio Circuit (1938–1949),6.993 km,NULL,NULL,NULL
Autodromo Nazionale di Monza,Monza,Italy,Florio Circuit with Temporary Chicanes (1935–1937),6.952 km,NULL,NULL,NULL
Autodromo Nazionale di Monza,Monza,Italy,Grand Prix Circuit (1934),4.329 km,NULL,NULL,NULL
Autodromo Nazionale di Monza,Monza,Italy,Original Grand Prix Circuit (1922–1933),10.000 km,NULL,NULL,NULL
Mosport International Raceway,Ontario,Canada,Clockwise Grand Prix Circuit (1961–present),3.957 km,NULL,NULL,NULL
Autodromo Internazionale del Mugello,Mugello,Italy,Grand Prix Circuit (1974–present),5.245 km,2020,Lewis Hamilton,78.833
Autodromo Internazionale del Mugello,Mugello,Italy,Road Course (1964–1970),66.2 km,NULL,NULL,NULL
Autodromo Internazionale del Mugello,Mugello,Italy,Road Course (1955),19.0 km,NULL,NULL,NULL
Autodromo Internazionale del Mugello,Mugello,Italy,Road Course (1928–1929),61.895 km,NULL,NULL,NULL
Autodromo Internazionale del Mugello,Mugello,Italy,Road Course (1925),18.17 km,NULL,NULL,NULL
Autodromo Internazionale del Mugello,Mugello,Italy,Road Course (1920–1924),64.591 km,NULL,NULL,NULL
Nivelles-Baulers,Brussels,Belgium,Grand Prix Circuit (1972–1981),3.724 km,1974,Denny Hulme,71.31
Nürburgring,Nürburg,Germany,GP-Strecke (2001–present),5.1480 km,2020,Max Verstappen,88.139
Nürburgring,Nürburg,Germany,Sprint Circuit (2002–present),3.629 km,NULL,NULL,NULL
Nürburgring,Nürburg,Germany,Oldtimer Circuit (2002–present),4.569 km,2018,Martin Stretton,96.325
Nürburgring,Nürburg,Germany,24 Hours Circuit – Combined GP Circuit without Mercedes-Arena(2002–present),25.378 km,NULL,NULL,NULL
Nürburgring,Nürburg,Germany,Nordschleife(1983–present),20.832 km,NULL,NULL,NULL
Nürburgring,Nürburg,Germany,GP-Strecke with F1 Chicane (1995–2001),4.556 km,2001,Juan Pablo Montoya,78.354
Nürburgring,Nürburg,Germany,GP-Strecke without F1 Chicane (1984–2001),4.542 km,NULL,NULL,NULL
Nürburgring,Nürburg,Germany,Nordschleife(1971–1982),22.835 km,1975,Clay Regazzoni,426.4
Nürburgring,Nürburg,Germany,Nordschleife(1967–1970),22.835 km,1969,Jacky Ickx,460.8
Nürburgring,Nürburg,Germany,Nordschleife(1927–1966),22.800 km,1965,Jim Clark,504.1
Nürburgring,Nürburg,Germany,Südschleife(1927–1982),7.747 km,NULL,NULL,NULL
Nürburgring,Nürburg,Germany,Gesamtstrecke(1927–1982),28.265 km,NULL,NULL,NULL
Okayama International Circuit,Okayama,Japan,Grand Prix Circuit (1990–present),3.703 km,1994,Michael Schumacher,74.023
Okayama International Circuit,Okayama,Japan,Motorcycle Circuit (2020–present),3.747 km,NULL,NULL,NULL
Circuit de Pedralbes,Barcelona,Spain,Grand Prix Circuit (1954–1955),6.333 km,1954,Alberto Ascari,140.4
Circuit de Pedralbes,Barcelona,Spain,Grand Prix Circuit (1951),6.316 km,1951,Juan Manuel Fangio,136.93
Circuit de Pedralbes,Barcelona,Spain,Grand Prix Circuit (1946–1950),4.465 km,NULL,NULL,NULL
Pescara Circuit,Pescara,Italy,Grand Prix Circuit (1934–1961),25.801 km,1957,Stirling Moss,584.6
Pescara Circuit,Pescara,Italy,Original Road Course (1924–1933),25.578 km,NULL,NULL,NULL
Phoenix street circuit,Phoenix,USA,Grand Prix Circuit (1991),2.312 mi,NULL,NULL,NULL
Phoenix street circuit,Phoenix,USA,Grand Prix Circuit (1989–1990),2.361 mi,NULL,NULL,NULL
Autódromo Internacional do Algarve,Portimão,Portugal,Grand Prix Circuit (2008–present),4.653 km,2020,Lewis Hamilton,78.75
Autódromo Internacional do Algarve,Portimão,Portugal,Motorcycling Circuit (2008–present),4.592 km,NULL,NULL,NULL
Autódromo Internacional do Algarve,Portimão,Portugal,GP Circuit with Chicane (2008–2019),4.684 km,NULL,NULL,NULL
Red Bull Ring,Spielberg,Austria,Red Bull Ring Grand Prix Circuit(2025),4.326 km,2025,Oscar Piastri,67.924
Red Bull Ring,Spielberg,Austria,Red Bull Ring Grand Prix Circuit(August 2016–2024),4.318 km,2020,Carlos Sainz Jr.,65.619
Red Bull Ring,Spielberg,Austria,Red Bull Ring Motorcycle Circuit(2022–present),4.348 km,NULL,NULL,NULL
Red Bull Ring,Spielberg,Austria,Südschleife National Circuit (1996–present)[3],2.336 km,NULL,NULL,NULL
Red Bull Ring,Spielberg,Austria,Red Bull Ring (May 2011–July 2016)A1-Ring (1996–2004),4.326 km,2003,Michael Schumacher,68.337
Red Bull Ring,Spielberg,Austria,Österreichring(Bosch Kurve modified) (1988–1995),5.852 km,NULL,NULL,NULL
Red Bull Ring,Spielberg,Austria,Österreichring(with Hella Licht chicane) (1977–1987),5.941 km,1987,Nigel Mansell,88.318
Red Bull Ring,Spielberg,Austria,Österreichring(Original Circuit) (1969–1976),5.911 km,NULL,NULL,NULL
Reims-Gueux,Reims,France,Grand Prix Circuit (1954–1972),8.302 km,NULL,NULL,NULL
Reims-Gueux,Reims,France,Grand Prix Circuit (1953),8.372 km,NULL,NULL,NULL
Reims-Gueux,Reims,France,Grand Prix Circuit (1952),7.152 km,NULL,NULL,NULL
Reims-Gueux,Reims,France,Original Circuit (1926–1951),7.826 km,1951,Juan Manuel Fangio,147.8
Circuit Paul Ricard,Le Castellet,France,Current layout with Mistral chicane (1C-V2)(2005–present),5.842 km,2019,Sebastian Vettel,92.74
Circuit Paul Ricard,Le Castellet,France,Current layout without Mistral chicane (1A-V2)(2005–present),5.770 km,NULL,NULL,NULL
Circuit Paul Ricard,Le Castellet,France,Short Circuit with Mistral chicane (3C)(2002–present),3.841 km,NULL,NULL,NULL
Circuit Paul Ricard,Le Castellet,France,Short Grand Prix Circuit (1986–2001),3.812 km,1990,Nigel Mansell,68.012
Circuit Paul Ricard,Le Castellet,France,Original Grand Prix Circuit (1970–2001),5.809 km,1985,Keke Rosberg,99.914
Circuit Paul Ricard,Le Castellet,France,Original National Circuit (1970–2001),3.263 km,NULL,NULL,NULL
Riverside International Raceway,California,USA,Long Grand Prix Road Course (1969–1989),3.300 mi,NULL,NULL,NULL
Riverside International Raceway,California,USA,Sports Car Short Course (1969–1989),2.547 mi,NULL,NULL,NULL
Riverside International Raceway,California,USA,Original Grand Prix Road Course (1957–1968),3.250 mi,NULL,NULL,NULL
Riverside International Raceway,California,USA,Sports Car Short Course (1957–1968),2.595 mi,NULL,NULL,NULL
Autódromo Hermanos Rodríguez,Mexico City,Mexico,Grand Prix Circuit (2015–present)[2],4.304 km,2021,Valtteri Bottas,77.774
Autódromo Hermanos Rodríguez,Mexico City,Mexico,"Formula E Circuit (2020–2022, 2026)",2.606 km,NULL,NULL,NULL
Autódromo Hermanos Rodríguez,Mexico City,Mexico,National Circuit (2015–present),3.909 km,NULL,NULL,NULL
Autódromo Hermanos Rodríguez,Mexico City,Mexico,Oval Circuit (1962–present),1.609 km,NULL,NULL,NULL
Autódromo Hermanos Rodríguez,Mexico City,Mexico,Formula E Circuit (2023–2025),2.628 km,NULL,NULL,NULL
Autódromo Hermanos Rodríguez,Mexico City,Mexico,Formula E Circuit (2017–2019),2.093 km,NULL,NULL,NULL
Autódromo Hermanos Rodríguez,Mexico City,Mexico,Original Formula E Circuit (2016),2.091 km,NULL,NULL,NULL
Autódromo Hermanos Rodríguez,Mexico City,Mexico,Grand Prix Circuit (1986–2014),4.421 km,1991,Nigel Mansell,76.788
Autódromo Hermanos Rodríguez,Mexico City,Mexico,NASCAR Circuit (2007–2014),4.053 km,NULL,NULL,NULL
Autódromo Hermanos Rodríguez,Mexico City,Mexico,Champ Car Grand Prix Circuit (2006–2007),4.463 km,NULL,NULL,NULL
Autódromo Hermanos Rodríguez,Mexico City,Mexico,NASCAR Circuit (2005–2006),4.052 km,NULL,NULL,NULL
Autódromo Hermanos Rodríguez,Mexico City,Mexico,CART/Champ Car Grand Prix Circuit (2002–2005),4.484 km,NULL,NULL,NULL
Autódromo Hermanos Rodríguez,Mexico City,Mexico,Original Grand Prix Circuit (1959–1985),5.000 km,1969,Jacky Ickx,103.05
Autódromo Hermanos Rodríguez,Mexico City,Mexico,Original Short Circuit (1959–1985),3.991 km,NULL,NULL,NULL
Sebring International Raceway,Florida,USA,GP Road Course (8th variation) (1999–present),3.740 mi,NULL,NULL,NULL
Sebring International Raceway,Florida,USA,School Circuit (1998–present),2.000 mi,NULL,NULL,NULL
Sebring International Raceway,Florida,USA,Johnson Club Circuit (1998–present),1.700 mi,NULL,NULL,NULL
Sebring International Raceway,Florida,USA,7th variation (1996–1998),3.600 mi,NULL,NULL,NULL
Sebring International Raceway,Florida,USA,6th variation (1991–1995),3.700 mi,NULL,NULL,NULL
Sebring International Raceway,Florida,USA,5th variation (1987–1990),4.110 mi,NULL,NULL,NULL
Sebring International Raceway,Florida,USA,4th variation (1984–1986),4.860 mi,NULL,NULL,NULL
Sebring International Raceway,Florida,USA,3rd variation (1983),4.750 mi,NULL,NULL,NULL
Sebring International Raceway,Florida,USA,2nd variation (1967–1982),5.200 mi,NULL,NULL,NULL
Sebring International Raceway,Florida,USA,Original short road course (1969–1970),2.200 mi,NULL,NULL,NULL
Sebring International Raceway,Florida,USA,1st variation (1952–1966),5.192 mi,NULL,NULL,NULL
Sepang International Circuit,Kuala Lumpur,Malaysia,Grand Prix Circuit (1999–present),5.543 km,2017,Sebastian Vettel,94.08
Sepang International Circuit,Kuala Lumpur,Malaysia,North Circuit (1999–present),2.706 km,NULL,NULL,NULL
Shanghai International Circuit,Shanghai,China,Grand Prix Circuit (2004–present),5.451 km,2004,Michael Schumacher,92.238
Shanghai International Circuit,Shanghai,China,Motorcycle Grand Prix Circuit (2004–present),5.281 km,NULL,NULL,NULL
Shanghai International Circuit,Shanghai,China,Intermediate Circuit (2004–present),4.603 km,NULL,NULL,NULL
Shanghai International Circuit,Shanghai,China,West Long Circuit (2012–present),3.051 km,NULL,NULL,NULL
Silverstone Circuit,Silverstone,UK,Arena Grand Prix Circuit (2011–present),5.891 [ 2 ] km,2020,Max Verstappen,87.097
Silverstone Circuit,Silverstone,UK,Motorcycle Circuit (2010–present),5.900 km,NULL,NULL,NULL
Silverstone Circuit,Silverstone,UK,Arena Grand Prix Circuit (2010)[3],5.901 km,2010,Fernando Alonso,90.874
Silverstone Circuit,Silverstone,UK,International Circuit (2010–present),2.979 km,NULL,NULL,NULL
Silverstone Circuit,Silverstone,UK,National Circuit (1997–present),2.639 km,2004,Scott Mansell,47.404
Silverstone Circuit,Silverstone,UK,Bridge Grand Prix Circuit (1997–2010),5.141 km,2004,Michael Schumacher,78.739
Silverstone Circuit,Silverstone,UK,Bridge Grand Prix Circuit (1996),5.072 km,1996,Jacques Villeneuve,89.288
Silverstone Circuit,Silverstone,UK,Bridge Grand Prix Circuit with Copse tightened and Abbey chicane (1994–1995),5.057 km,1994,Damon Hill,87.1
Silverstone Circuit,Silverstone,UK,Bridge Grand Prix Circuit (1991–1994),5.226 km,1993,Damon Hill,82.515
Silverstone Circuit,Silverstone,UK,Grand Prix Circuit with Bridge chicane (1987–1990),4.778 km,1987,Nigel Mansell,69.832
Silverstone Circuit,Silverstone,UK,Grand Prix Circuit (1975–1986),4.719 km,1985,Alain Prost,69.866
Silverstone Circuit,Silverstone,UK,Grand Prix Circuit (1952–1974)Motorcycling Circuit (1952–1986),4.711 km,1973,Ronnie Peterson,77.5
Silverstone Circuit,Silverstone,UK,Grand Prix Circuit (1949–1951),4.649 km,1951,Nino Farina,104.0
Silverstone Circuit,Silverstone,UK,Original Grand Prix Circuit (1948),5.907 km,NULL,NULL,NULL
Sochi Autodrom,Sochi,Russia,Permanent Circuit (2024–present),2.313 km,NULL,NULL,NULL
Sochi Autodrom,Sochi,Russia,Grand Prix Circuit (2014–2023),5.848 km,2019,Lewis Hamilton,95.761
Circuit de Spa-Francorchamps,Spa,Belgium,Grand Prix Circuit (2007–present),7.004 km,2024,Sergio Pérez,104.701
Circuit de Spa-Francorchamps,Spa,Belgium,Motorcycle Circuit (2022–present),6.985 km,NULL,NULL,NULL
Circuit de Spa-Francorchamps,Spa,Belgium,Grand Prix Circuit (2004–2006),6.976 km,2004,Kimi Räikkönen,105.108
Circuit de Spa-Francorchamps,Spa,Belgium,Grand Prix Circuit (1995–2003),6.968 km,2002,Michael Schumacher,107.176
Circuit de Spa-Francorchamps,Spa,Belgium,Grand Prix Circuit with chicane at Eau Rouge (1994),7.001 km,1994,Damon Hill,117.117
Circuit de Spa-Francorchamps,Spa,Belgium,Grand Prix Circuit (1981–1993),6.940 km,1993,Alain Prost,111.095
Circuit de Spa-Francorchamps,Spa,Belgium,Grand Prix Circuit (1979–1980),6.947 km,NULL,NULL,NULL
Circuit de Spa-Francorchamps,Spa,Belgium,Old Circuit (1957–1978),14.100 km,NULL,NULL,NULL
Circuit de Spa-Francorchamps,Spa,Belgium,Old Circuit (1939–1956),14.120 km,1956,Stirling Moss,254.7
Circuit de Spa-Francorchamps,Spa,Belgium,Original Pre-War Circuit (1921–1938),14.982 km,NULL,NULL,NULL
Suzuka Circuit,Suzuka,Japan,Grand Prix Circuit (2003–present),5.807 km,2025,Andrea Kimi Antonelli,90.965
Suzuka Circuit,Suzuka,Japan,Motorcycle Grand Prix Circuit (2004–present),5.821 km,NULL,NULL,NULL
Suzuka Circuit,Suzuka,Japan,East Circuit (1987–present),2.243 km,NULL,NULL,NULL
Suzuka Circuit,Suzuka,Japan,West Circuit (1987–present),3.466 km,NULL,NULL,NULL
Suzuka Circuit,Suzuka,Japan,Motorcycle Grand Prix Circuit (2003),5.824 km,NULL,NULL,NULL
Suzuka Circuit,Suzuka,Japan,Grand Prix Circuit (2002),5.821 km,2002,Michael Schumacher,96.125
Suzuka Circuit,Suzuka,Japan,Grand Prix Circuit (1987–2001),5.860 km,2001,Ralf Schumacher,96.944
Suzuka Circuit,Suzuka,Japan,Grand Prix Circuit (1983–1986),5.945 km,NULL,NULL,NULL
Suzuka Circuit,Suzuka,Japan,Original Circuit (1962–1982),6.004 km,NULL,NULL,NULL
Circuit Mont-Tremblant,Quebec,Canada,Road Course (2004–present),2.621 mi,NULL,NULL,NULL
Circuit Mont-Tremblant,Quebec,Canada,North Course (2002–present),1.529 mi,NULL,NULL,NULL
Circuit Mont-Tremblant,Quebec,Canada,Road Course (1965–2002),2.650 mi,NULL,NULL,NULL
Circuit Mont-Tremblant,Quebec,Canada,Original North Road Course (1964–2002),1.560 mi,NULL,NULL,NULL
Valencia Street Circuit,Valencia,Spain,Grand Prix Circuit (2008–2012),5.419 km,2009,Timo Glock,98.683
Circuit Gilles Villeneuve,Montreal,Canada,Grand Prix Circuit (2002–present),4.361 km,NULL,NULL,NULL
Circuit Gilles Villeneuve,Montreal,Canada,Grand Prix Circuit (1996–2001),4.421 km,NULL,NULL,NULL
Circuit Gilles Villeneuve,Montreal,Canada,Grand Prix Circuit (1994–1995),4.450 km,NULL,NULL,NULL
Circuit Gilles Villeneuve,Montreal,Canada,Grand Prix Circuit (1988–1993),4.430 km,NULL,NULL,NULL
Circuit Gilles Villeneuve,Montreal,Canada,Grand Prix Circuit (1978–1986),4.410 km,NULL,NULL,NULL
Watkins Glen,New York State,USA,Grand Prix Circuit (with Inner Loop Chicane) (1992–present),3.450 mi,NULL,NULL,NULL
Watkins Glen,New York State,USA,Short Circuit (with Inner Loop Chicane) (1992–present),2.450 mi,NULL,NULL,NULL
Watkins Glen,New York State,USA,Short Circuit (with Esses Chicane) (1979–1991),2.428 mi,NULL,NULL,NULL
Watkins Glen,New York State,USA,"Grand Prix Circuit (1971–1974, 1986–1991)",3.377 mi,NULL,NULL,NULL
Watkins Glen,New York State,USA,Grand Prix Circuit (with Esses Chicane) (1975–1985),3.377 mi,1980,Alan Jones,94.068
Watkins Glen,New York State,USA,Sports Car Circuit (1971),2.430 mi,NULL,NULL,NULL
Watkins Glen,New York State,USA,Original Grand Prix Circuit (1956–1970),2.350 mi,NULL,NULL,NULL
Watkins Glen,New York State,USA,Second Public Road Course (1953–1955),4.600 mi,NULL,NULL,NULL
Watkins Glen,New York State,USA,Original Public Road Course (1948–1952),6.600 mi,NULL,NULL,NULL
Yas Marina Circuit,Abu Dhabi,UAE,Grand Prix Circuit (2021–present),5.281 km,2024,Kevin Magnussen,85.637
Yas Marina Circuit,Abu Dhabi,UAE,Corkscrew Circuit (2021–present),4.572 km,NULL,NULL,NULL
Yas Marina Circuit,Abu Dhabi,UAE,North Circuit (2021–present),3.005 km,NULL,NULL,NULL
Yas Marina Circuit,Abu Dhabi,UAE,Grand Prix Circuit (2009–2021),5.554 km,2019,Lewis Hamilton,99.283
Yas Marina Circuit,Abu Dhabi,UAE,Corkscrew Circuit (2009–2021),4.730 km,NULL,NULL,NULL
Yas Marina Circuit,Abu Dhabi,UAE,North Circuit (2009–2021),3.130 km,NULL,NULL,NULL
Yas Marina Circuit,Abu Dhabi,UAE,South Circuit (2009–2021),2.360 km,NULL,NULL,NULL
Korean International Circuit,Yeongam County,Korea,Grand Prix Circuit (2010–present),5.615 km,2011,Sebastian Vettel,99.605
Korean International Circuit,Yeongam County,Korea,National Circuit (2010–present),3.045 km,NULL,NULL,NULL
Circuit Park Zandvoort,Zandvoort,Netherlands,Grand Prix Circuit (2020–present),4.259 km,2021,Lewis Hamilton,71.097
Circuit Park Zandvoort,Zandvoort,Netherlands,Grand Prix Circuit (1999–2019),4.307 km,2019,Klaas Zwart [ de ],81.044
Circuit Park Zandvoort,Zandvoort,Netherlands,Club Circuit (1990–1998),2.526 km,NULL,NULL,NULL
Circuit Park Zandvoort,Zandvoort,Netherlands,Grand Prix Circuit (1980–1989),4.252 km,1985,Alain Prost,76.538
Circuit Park Zandvoort,Zandvoort,Netherlands,Grand Prix Circuit (1972–1979),4.226 km,1979,Gilles Villeneuve,79.438
Circuit Park Zandvoort,Zandvoort,Netherlands,Grand Prix Circuit (1948–1971),4.193 km,1970,Jacky Ickx,79.23
Zeltweg,Styria,Austria,Grand Prix Circuit (1957–1968),3.186 km,NULL,NULL,NULL
Zolder,Heusden-Zolder,Belgium,Grand Prix Circuit (2002–present),4.010 km,NULL,NULL,NULL
Zolder,Heusden-Zolder,Belgium,Grand Prix Circuit (1986–2001),4.184 km,NULL,NULL,NULL
Zolder,Heusden-Zolder,Belgium,Grand Prix Circuit (1975–1985),4.262 km,1984,René Arnoux,79.294
Zolder,Heusden-Zolder,Belgium,Grand Prix Circuit (1973–1974),4.220 km,NULL,NULL,NULL
Zolder,Heusden-Zolder,Belgium,Original Grand Prix Circuit (1963–1972),4.186 km,NULL,NULL,NULL
