cName,cCity,cCountry,cVersion,cLength,cYearRec,cDrivRec,cLapRec,cDates,circuitID,Error
Adelaide Street Circuit,Adelaide,Australia,Supercars Circuit,3.219 km,NULL,NULL,NULL,1999-2026,1,
Adelaide Street Circuit,Adelaide,Australia,"Formula One Grand Prix Circuit (1985–1995, 2000)",3.780 km,1993,318,75.381, 2000,2,
Adelaide Street Circuit,Adelaide,Australia,Formula One Grand Prix Circuit,3.780 km,1993,318,75.381,1985–1995,2,
Ain Diab,Casablanca,Morocco,Grand Prix Circuit,7.603 km,1958,459,142.5,1957-1958,3,
Aintree,Liverpool,UK,Grand Prix Circuit,4.828 km,1963,148,111.8,1954-1964,4,
Albert Park Grand Prix Circuit,Melbourne,Australia,Grand Prix Circuit,5.278 km,2024,385,79.813,2021-2026,5,
Albert Park Grand Prix Circuit,Melbourne,Australia,Grand Prix Circuit,5.303 km,2004,600,84.125,1996-2020,6,
Albert Park Grand Prix Circuit,Melbourne,Australia,Original Circuit,5.027 km,NULL,NULL,NULL,1953-1958,7,
Circuit of the Americas,Austin,USA,Grand Prix Circuit,5.513 km,2019,385,96.169,2012-2026,8,
Circuit of the Americas,Austin,USA,NASCAR Circuit,3.862 km,NULL,NULL,NULL,2025-2026,9,
Circuit of the Americas,Austin,USA,National Circuit,3.701 km,NULL,NULL,NULL,2012-2026,10,
Scandinavian Raceway,Anderstorp,Sweden,Grand Prix Circuit,4.025 km,2009,Marijn van Kalmthout,81.525,1998-2026,11,Pilote_Introuvable
Scandinavian Raceway,Anderstorp,Sweden,Grand Prix Circuit,4.031 km,1978,380,84.836,1978-1997,12,
Scandinavian Raceway,Anderstorp,Sweden,Grand Prix Circuit,4.018 km,1977,22,87.607,1975-1977,13,
Scandinavian Raceway,Anderstorp,Sweden,Original Grand Prix Circuit,4.025 km,1973,Denny Hulme,86.146,1968-1974,14,Pilote_Introuvable
AVUS,Berlin,Germany,Grand Prix Circuit with Chicane,2.660 km,NULL,NULL,NULL,1994-1998,15,
AVUS,Berlin,Germany,Grand Prix Circuit,2.639 km,NULL,NULL,NULL,1992-1993,16,
AVUS,Berlin,Germany,Grand Prix Circuit,4.879 km,NULL,NULL,NULL,1989-1991,17,
AVUS,Berlin,Germany,Grand Prix Circuit with Unbanked Nord Kehre,8.109 km,NULL,NULL,NULL,1968-1988,18,
AVUS,Berlin,Germany,Grand Prix Circuit,8.300 km,1959,108,124.5,1951-1967,19,
AVUS,Berlin,Germany,Grand Prix Circuit,19.291 km,NULL,NULL,NULL,1937-1939,20,
AVUS,Berlin,Germany,Original Grand Prix Circuit,19.569 km,NULL,NULL,NULL,1921-1936,21,
Bahrain International Circuit,Sakhir,Bahrain,Grand Prix Circuit,5.412 km,2005,184,91.447,2005-2026,22,
Bahrain International Circuit,Sakhir,Bahrain,Outer Circuit,3.543 km,2020,571,55.404,2005-2026,23,
Bahrain International Circuit,Sakhir,Bahrain,Endurance Circuit,6.299 km,2010,16,118.287,2005-2026,24,
Bahrain International Circuit,Sakhir,Bahrain,Paddock Circuit,3.823 km,NULL,NULL,NULL,2004-2026,25,
Bahrain International Circuit,Sakhir,Bahrain,Oasis / Inner Circuit,2.550 km,NULL,NULL,NULL,2004-2026,26,
Bahrain International Circuit,Sakhir,Bahrain,Original Grand Prix Circuit,5.417 km,2004,600,90.252,2004,27,
Baku City Circuit,Baku,Azerbaijan,Grand Prix Circuit,6.003 km,2019,385,103.009,2016-2026,28,
Circuito da Boavista,Oporto,Portugal,Revival Circuit,4.800 km,NULL,NULL,NULL,2005-2013,29,
Circuito da Boavista,Oporto,Portugal,Second Grand Prix Circuit,7.406 km,1960,643,147.53,1952-1960,30,
Circuito da Boavista,Oporto,Portugal,Original Grand Prix Circuit,7.775 km,NULL,NULL,NULL,1950-1951,31,
Brands Hatch,Kent,UK,Grand Prix Circuit,3.916 km,NULL,NULL,NULL,2003-2026,32,
Brands Hatch,Kent,UK,Indy Circuit,1.944 km,2004,Scott Mansell,38.032,2003-2026,33,Pilote_Introuvable
Brands Hatch,Kent,UK,Grand Prix Circuit,4.221 km,2001,Tony Worswick,76.17,1999-2002,34,Pilote_Introuvable
Brands Hatch,Kent,UK,Grand Prix Circuit,4.182 km,NULL,NULL,NULL,1988-1998,35,
Brands Hatch,Kent,UK,Indy Circuit,1.938 km,NULL,NULL,NULL,1976-1998,36,
Brands Hatch,Kent,UK,Grand Prix Circuit,4.207 km,1986,419,69.593,1976-1987,37,
Brands Hatch,Kent,UK,Grand Prix Circuit,4.265 km,1974,380,81.1,1960-1975,38,
Brands Hatch,Kent,UK,Club Circuit,1.995 km,NULL,NULL,NULL,1954-1975,39,
Circuit Bremgarten,Bern,Switzerland,Grand Prix Circuit,7.280 km,NULL,NULL,NULL,1931-1955,40,
Buddh International Circuit,Uttar Pradesh,India,Grand Prix Circuit,5.125 km,2011,687,87.249,2011-2026,41,
Buddh International Circuit,Uttar Pradesh,India,Motorcycle Circuit,5.010 km,NULL,NULL,NULL,2011-2026,42,
Buddh International Circuit,Uttar Pradesh,India,Short Circuit,3.100 km,NULL,NULL,NULL,2011-2026,43,
Circuit de Barcelona-Catalunya,Barcelona,Spain,Grand Prix Circuit without Chicane,4.657 km,2025,512,75.743,2021-2026,44,
Circuit de Barcelona-Catalunya,Barcelona,Spain,Grand Prix Circuit with Chicane,4.675 km,2021,686,78.149,2021-2026,45,
Circuit de Barcelona-Catalunya,Barcelona,Spain,Grand Prix Circuit  & Motorcycle Circuit,4.655 km,2020,93,78.183,2007-2020,46,
Circuit de Barcelona-Catalunya,Barcelona,Spain,Motorcycle Circuit  & Grand Prix Circuit,4.627 km,2005,228,75.641,2004-2006,47,
Circuit de Barcelona-Catalunya,Barcelona,Spain,Motorcycle Circuit  & Grand Prix Circuit,4.730 km,2003,50,80.143,1995-2003,48,
Circuit de Barcelona-Catalunya,Barcelona,Spain,Original Layout with Nissan Chicane,4.745 km,1994,600,85.155,1994,49,
Circuit de Barcelona-Catalunya,Barcelona,Spain,Original Layout,4.747 km,1993,600,80.989,1991-1993,50,
Charade Circuit,Clermont-Ferrand,France,Modern Circuit,3.975 km,NULL,NULL,NULL,1989-2026,51,
Charade Circuit,Clermont-Ferrand,France,Original Circuit,8.055 km,1972,19,173.9,1958-1988,52,
Fair Park,Dallas,USA,Trans-Am Circuit,2.092 km,NULL,NULL,NULL,1988,53,
Fair Park,Dallas,USA,Grand Prix Circuit,3.901 km,NULL,NULL,NULL,1984,54,
Detroit Street Circuit,Detroit,USA,Grand Prix Circuit,2.647 km,NULL,NULL,NULL,2023-2026,55,
Detroit Street Circuit,Detroit,USA,Grand Prix Circuit,4.023 km,1987,608,100.464,1983-1991,56,
Detroit Street Circuit,Detroit,USA,Grand Prix Circuit,4.168 km,1982,533,110.438,1982,57,
Dijon-Prenois,Dijon,France,Grand Prix Circuit,3.801 km,2015,Ingo Gerstl,62.985,1976-2026,58,Pilote_Introuvable
Dijon-Prenois,Dijon,France,Short Circuit,3.289 km,1974,589,60.0,1972-2026,59,
Donington Park,Castle Donington,UK,Grand Prix Circuit,4.020 km,NULL,NULL,NULL,1986-2026,60,
Donington Park,Castle Donington,UK,National Circuit with realigned Goddards Chicane,3.149 km,2011,Marijn van Kalmthout,57.221,2010-2026,61,Pilote_Introuvable
Donington Park,Castle Donington,UK,National Circuit,3.149 km,2004,Scott Mansell,55.859,1977-2009,62,Pilote_Introuvable
Donington Park,Castle Donington,UK,Grand Prix Circuit,5.029 km,NULL,NULL,NULL,1937-1939,63,
Donington Park,Castle Donington,UK,Grand Prix Circuit,4.107 km,NULL,NULL,NULL,1935-1936,64,
Donington Park,Castle Donington,UK,Original Circuit,3.518 km,NULL,NULL,NULL,1931-1934,65,
Rouen-Les-Essarts,Rouen,France,Grand Prix Circuit,5.543 km,NULL,NULL,NULL,1972-1994,66,
Rouen-Les-Essarts,Rouen,France,Grand Prix Circuit,6.542 km,NULL,NULL,NULL,1955-1971,67,
Rouen-Les-Essarts,Rouen,France,Original Grand Prix Circuit,5.100 km,1954,668,129.9,1950-1954,68,
Autódromo do Estoril,Estoril,Portugal,Grand Prix Circuit,4.182 km,NULL,NULL,NULL,2000-2026,69,
Autódromo do Estoril,Estoril,Portugal,Tanque Circuit,4.163 km,NULL,NULL,NULL,2018-2026,70,
Autódromo do Estoril,Estoril,Portugal,Grand Prix Circuit,4.360 km,1994,157,82.446,1994-1999,71,
Autódromo do Estoril,Estoril,Portugal,Superbike Circuit,4.520 km,NULL,NULL,NULL,1993,72,
Autódromo do Estoril,Estoril,Portugal,Grand Prix Circuit,4.349 km,1993,318,74.859,1972-1993,73,
Autódromo do Estoril,Estoril,Portugal,Perimeter Circuit,2.942 km,NULL,NULL,NULL,1972-1999,74,
Fuji Speedway,Oyama,Japan,4th and current configuration,4.563 km,2008,430,78.426,2005-2026,75,
Fuji Speedway,Oyama,Japan,3rd configuration (September 1987–2003),4.400 km,NULL,NULL,NULL,,76,
Fuji Speedway,Oyama,Japan,2nd configuration (1975–August 1987),4.359 km,1977,589,74.3,,77,
Fuji Speedway,Oyama,Japan,Original Circuit,5.999 km,NULL,NULL,NULL,1965-1974,78,
Autódromo Juan y Oscar Gálvez,Buenos Aires,Argentina,No. 6 circuit with Senna S,4.259 km,1997,68,87.981,1995-2026,79,
Autódromo Juan y Oscar Gálvez,Buenos Aires,Argentina,No. 6 circuit,4.101 km,NULL,NULL,NULL,1972-2026,80,
Autódromo Juan y Oscar Gálvez,Buenos Aires,Argentina,No. 15 circuit,5.968 km,1981,520,105.287,1972-2026,81,
Autódromo Juan y Oscar Gálvez,Buenos Aires,Argentina,No. 12 circuit,5.651 km,NULL,NULL,NULL,1972-2026,82,
Autódromo Juan y Oscar Gálvez,Buenos Aires,Argentina,No. 9 circuit,3.353 km,NULL,NULL,NULL,1972-2026,83,
Autódromo Juan y Oscar Gálvez,Buenos Aires,Argentina,No. 8 circuit,3.380 km,NULL,NULL,NULL,1972-2026,84,
Autódromo Juan y Oscar Gálvez,Buenos Aires,Argentina,No. 5 circuit,2.115 km,NULL,NULL,NULL,1972-2026,85,
Autódromo Juan y Oscar Gálvez,Buenos Aires,Argentina,No. 7 circuit,2.607 km,NULL,NULL,NULL,1972-2026,86,
Autódromo Juan y Oscar Gálvez,Buenos Aires,Argentina,No. 14 circuit,6.122 km,NULL,NULL,NULL,1968-1971,87,
Autódromo Juan y Oscar Gálvez,Buenos Aires,Argentina,No. 2 circuit,3.912 km,1960,459,96.1,1952-1971,88,
Autódromo Juan y Oscar Gálvez,Buenos Aires,Argentina,No. 4 circuit,4.706 km,NULL,NULL,NULL,1952-1971,89,
Prince George Circuit,Eastern Cape Province,South Africa,Grand Prix Circuit,3.920 km,1968,404,84.3,1959-2026,90,
Hockenheimring,Hockenheim,Germany,Grand Prix Circuit,4.574 km,2004,539,73.78,2002-2026,91,
Hockenheimring,Hockenheim,Germany,National Circuit,3.736 km,NULL,NULL,NULL,2002-2026,92,
Hockenheimring,Hockenheim,Germany,Short Circuit,2.638 km,2001,Josef Neuhauser,57.45,1966-2001,93,Pilote_Introuvable
Hockenheimring,Hockenheim,Germany,Hockenheimring,6.823 km,2001,Juan Pablo Montoya,101.808,1994-2001,94,Pilote_Introuvable
Hockenheimring,Hockenheim,Germany,Hockenheimring,6.815 km,1992,500,101.591,1992-1993,95,
Hockenheimring,Hockenheim,Germany,Hockenheimring,6.802 km,1991,500,103.569,1982-1991,96,
Hockenheimring,Hockenheim,Germany,Hockenheimring,6.790 km,1980,349,108.49,1970-1981,97,
Hockenheimring,Hockenheim,Germany,Hockenheimring,6.769 km,NULL,NULL,NULL,1966-1970,98,
Hockenheimring,Hockenheim,Germany,Kurpfalzring,7.692 km,NULL,NULL,NULL,1938-1965,99,
Hungaroring,Budapest,Hungary,Grand Prix Circuit,4.381 km,2020,299,76.627,2003-2026,100,
Hungaroring,Budapest,Hungary,Modified Grand Prix Circuit,3.975 km,2002,600,76.207,1989-2002,101,
Hungaroring,Budapest,Hungary,Original Grand Prix Circuit,4.014 km,1987,520,90.149,1986-1988,102,
Autodromo Enzo e Dino Ferrari,Imola,Italy,Grand Prix Circuit,4.909 km,2020,299,75.484,2008-2026,103,
Autodromo Enzo e Dino Ferrari,Imola,Italy,Motorcycle Circuit,4.936 km,NULL,NULL,NULL,2009-2026,104,
Autodromo Enzo e Dino Ferrari,Imola,Italy,Grand Prix Circuit,4.959 km,2004,600,80.411,1995-2006,105,
Autodromo Enzo e Dino Ferrari,Imola,Italy,Grand Prix Circuit,5.040 km,1994,318,84.335,1980-1994,106,
Autodromo Enzo e Dino Ferrari,Imola,Italy,Grand Prix Circuit,5.060 km,1979,688,93.61,1973-1979,107,
Autodromo Enzo e Dino Ferrari,Imola,Italy,Original Grand Prix Circuit,5.018 km,NULL,NULL,NULL,1953-1972,108,
Indianapolis Motor Speedway,Indianapolis,USA,Rectangular Oval Track,4.023 km,NULL,NULL,NULL,1909-2026,109,
Indianapolis Motor Speedway,Indianapolis,USA,Grand Prix Road Course,3.925 km,NULL,NULL,NULL,2014-2026,110,
Indianapolis Motor Speedway,Indianapolis,USA,Modified Motorcycle Course,4.17 km,NULL,NULL,NULL,2014-2026,111,
Indianapolis Motor Speedway,Indianapolis,USA,SCCA Runoffs Road Course,4.166 km,NULL,NULL,NULL,2014-2026,112,
Indianapolis Motor Speedway,Indianapolis,USA,Original Motorcycle Course,4.218 km,NULL,NULL,NULL,2008-2013,113,
Indianapolis Motor Speedway,Indianapolis,USA,Grand Prix Road Course,4.078 km,NULL,NULL,NULL,2008-2013,114,
Indianapolis Motor Speedway,Indianapolis,USA,Grand Prix Road Course,4.192 km,2004,50,70.399,2000-2007,115,
Autódromo José Carlos Pace,São Paulo,Brazil,Grand Prix Circuit,4.309 km,2018,93,70.54,1999-2026,116,
Autódromo José Carlos Pace,São Paulo,Brazil,Stock Car Circuit with Chicane,4.314 km,NULL,NULL,NULL,2011-2017,117,
Autódromo José Carlos Pace,São Paulo,Brazil,Grand Prix Circuit,4.292 km,1997,689,78.397,1996-1998,118,
Autódromo José Carlos Pace,São Paulo,Brazil,Grand Prix Circuit,4.325 km,1994,600,78.455,1990-1995,119,
Autódromo José Carlos Pace,São Paulo,Brazil,Motorcycle Circuit,4.352 km,NULL,NULL,NULL,1992,120,
Autódromo José Carlos Pace,São Paulo,Brazil,Grand Prix Circuit,7.873 km,1980,29,147.311,1980-1989,121,
Autódromo José Carlos Pace,São Paulo,Brazil,Original Grand Prix Circuit,7.960 km,1979,370,148.76,1940-1979,122,
Istanbul Park,Istanbul,Turkey,Grand Prix Circuit,5.338 km,2005,Juan Pablo Montoya,84.77,2005-2026,123,Pilote_Introuvable
Autódromo Internacional Nelson Piquet,Rio de Janeiro,Brazil,Short Circuit,3.336 km,NULL,NULL,NULL,1996-2012,124,
Autódromo Internacional Nelson Piquet,Rio de Janeiro,Brazil,Modified Grand Prix Circuit,4.933 km,NULL,NULL,NULL,1996-2005,125,
Autódromo Internacional Nelson Piquet,Rio de Janeiro,Brazil,Emerson Fittipaldi Speedway,3.000 km,NULL,NULL,NULL,1996-2005,126,
Autódromo Internacional Nelson Piquet,Rio de Janeiro,Brazil,Original Grand Prix Circuit,5.031 km,1989,500,92.507,1978-1995,127,
Jarama,Madrid,Spain,Grand Prix Circuit,3.850 km,NULL,NULL,NULL,1991-2026,128,
Jarama,Madrid,Spain,Formula E Circuit,3.934 km,NULL,NULL,NULL,2026,129,
Jarama,Madrid,Spain,Grand Prix Circuit,3.314 km,1980,349,75.467,1980-1990,130,
Jarama,Madrid,Spain,Original Grand Prix Circuit,3.404 km,1979,688,76.44,1967-1979,131,
Jeddah Corniche Circuit,Jeddah,Saudi Arabia,Grand Prix Circuit,6.174 km,2021,299,90.734,2021-2026,132,
Jeddah Corniche Circuit,Jeddah,Saudi Arabia,Formula E Circuit,3.001 km,NULL,NULL,NULL,2025-2026,133,
Jeddah Corniche Circuit,Jeddah,Saudi Arabia,Short Circuit,3.450 km,NULL,NULL,NULL,2022-2026,134,
Circuito de Jerez,Jerez de la Frontera,Spain,Grand Prix Circuit,4.428 km,1997,245,83.135,1994-2026,135,
Circuito de Jerez,Jerez de la Frontera,Spain,Motorcycle Circuit  & Grand Prix Circuit,4.423 km,NULL,NULL,NULL,1992-1993,136,
Circuito de Jerez,Jerez de la Frontera,Spain,Grand Prix Circuit,4.218 km,1990,500,84.513,1985-1991,137,
Kyalami,Midrand,South Africa,Grand Prix Circuit,4.529 km,NULL,NULL,NULL,2015-2026,138,
Kyalami,Midrand,South Africa,Grand Prix Circuit (1992–1993 and 2009–2015),4.261 km,1992,419,77.578, 2009–2015,139,
Kyalami,Midrand,South Africa,Grand Prix Circuit,4.261 km,1992,419,77.578,1992–1993 ,139,
Kyalami,Midrand,South Africa,Grand Prix Circuit,4.2606 km,NULL,NULL,NULL,1994-2009,140,
Kyalami,Midrand,South Africa,Grand Prix Circuit,3.888 km,NULL,NULL,NULL,1989-1991,141,
Kyalami,Midrand,South Africa,Grand Prix Circuit,4.104 km,1985,563,68.149,1968-1988,142,
Kyalami,Midrand,South Africa,Original Grand Prix Circuit,4.094 km,1967,140,87.6,1961-1967,143,
Las Vegas Street Circuit,Nevada,USA,Grand Prix Circuit,6.2 km,2025,686,93.365,2023-2026,144,
Le Mans,Le Mans,France,Circuit des 24 Heures du Mans,13.626 km,NULL,NULL,NULL,2018-2026,145,
Le Mans,Le Mans,France,Circuit de la Sarthe,13.629 km,NULL,NULL,NULL,2007-2017,146,
Le Mans,Le Mans,France,Circuit de la Sarthe,13.650 km,NULL,NULL,NULL,2002-2006,147,
Le Mans,Le Mans,France,Circuit de la Sarthe,13.605 km,NULL,NULL,NULL,1997-2001,148,
Le Mans,Le Mans,France,Circuit de la Sarthe,13.600 km,NULL,NULL,NULL,1990-1996,149,
Le Mans,Le Mans,France,Circuit de la Sarthe,13.535 km,NULL,NULL,NULL,1987-1989,150,
Le Mans,Le Mans,France,Circuit de la Sarthe,13.528 km,NULL,NULL,NULL,1986,151,
Le Mans,Le Mans,France,Circuit de la Sarthe,13.626 km,NULL,NULL,NULL,1979-1985,152,
Le Mans,Le Mans,France,Circuit de la Sarthe,13.640 km,NULL,NULL,NULL,1972-1978,153,
Le Mans,Le Mans,France,Circuit de la Sarthe,13.469 km,NULL,NULL,NULL,1968-1971,154,
Le Mans,Le Mans,France,Circuit de la Sarthe,13.461 km,NULL,NULL,NULL,1956-1967,155,
Le Mans,Le Mans,France,Circuit de la Sarthe,13.492 km,NULL,NULL,NULL,1932-1955,156,
Le Mans,Le Mans,France,Circuit de la Sarthe,16.340 km,NULL,NULL,NULL,1929-1931,157,
Le Mans,Le Mans,France,Circuit de la Sarthe,17.262 km,NULL,NULL,NULL,1923-1928,158,
Losail International Circuit,Lusail,Qatar,Grand Prix Circuit,5.419 km,2024,480,82.384,2023-2026,159,
Losail International Circuit,Lusail,Qatar,Original Grand Prix Circuit,5.380 km,2021,686,83.196,2004-2022,160,
Circuit de Nevers Magny-Cours,Magny Cours,France,Grand Prix Circuit,4.411 km,2004,600,75.377,2003-2026,161,
Circuit de Nevers Magny-Cours,Magny Cours,France,Grand Prix Circuit,4.250 km,2002,157,75.045,1992-2002,162,
Circuit de Nevers Magny-Cours,Magny Cours,France,Grand Prix Circuit,4.271 km,1991,419,79.168,1989-1991,163,
Circuit de Nevers Magny-Cours,Magny Cours,France,Full Circuit,3.850 km,NULL,NULL,NULL,1971-1988,164,
Circuit de Nevers Magny-Cours,Magny Cours,France,Original Circuit,1.995 km,NULL,NULL,NULL,1960-1988,165,
Marina Bay Street Circuit,Marina Bay,Singapore,Grand Prix circuit,4.927 km,2025,299,93.808,2025,166,
Marina Bay Street Circuit,Marina Bay,Singapore,Revised circuit with new straight between turns 15–16,4.940 km,2024,553,94.486,2023-2024,167,
Marina Bay Street Circuit,Marina Bay,Singapore,Revised circuit with re-profiled turns 16–17,5.063 km,2018,415,101.905,2018-2022,168,
Marina Bay Street Circuit,Marina Bay,Singapore,Revised circuit with re-profiled turns 11–13,5.065 km,2017,299,105.008,2015-2017,169,
Marina Bay Street Circuit,Marina Bay,Singapore,Revised circuit with the Singapore Sling chicane at turn 10 removed,5.061 km,2013,687,108.574,2013-2014,170,
Marina Bay Street Circuit,Marina Bay,Singapore,Original circuit,5.073 km,2008,539,105.599,2008-2012,171,
Miami International Autodrome,Miami,USA,Grand Prix Circuit,5.412 km,2023,686,89.708,2022-2026,172,
Miami International Autodrome,Miami,USA,Extended Marina Loop,4.506 km,NULL,NULL,NULL,2024-2026,173,
Miami International Autodrome,Miami,USA,MIA Loop,2.321 km,NULL,NULL,NULL,2024-2026,174,
Circuit de Monaco,Monte Carlo,Monaco,Grand Prix Circuit,3.337 km,2021,299,72.909,2015-2026,175,
Circuit de Monaco,Monte Carlo,Monaco,Extended Formula E Circuit,3.318 km,NULL,NULL,NULL,2021,176,
Circuit de Monaco,Monte Carlo,Monaco,Original Formula E Circuit,1.765 km,NULL,NULL,NULL,2015-2019,177,
Circuit de Monaco,Monte Carlo,Monaco,6th Variation,3.340 km,2004,600,74.439,2003-2014,178,
Circuit de Monaco,Monte Carlo,Monaco,5th Variation,3.370 km,2002,50,78.023,1997-2002,179,
Circuit de Monaco,Monte Carlo,Monaco,4th Variation,3.328 km,1994,600,81.076,1986-1996,180,
Circuit de Monaco,Monte Carlo,Monaco,3rd Variation,3.312 km,1985,11,82.637,1976-1985,181,
Circuit de Monaco,Monte Carlo,Monaco,2nd Variation,3.278 km,1974,510,87.9,1973-1975,182,
Circuit de Monaco,Monte Carlo,Monaco,1st Variation,3.145 km,1971,633,82.2,1955-1972,183,
Circuit de Monaco,Monte Carlo,Monaco,Original Circuit,3.180 km,NULL,NULL,NULL,1929-1954,184,
Monsanto Park Circuit,Lisbon,Portugal,Grand Prix Circuit,5.440 km,1959,459,125.07,1953-1959,185,
Montjuïc,Barcelona,Spain,"Temporary Street Circuit (1933–1950, 1953–1986)",3.791 km,1973,510,83.8, 1953–1986,186,
Montjuïc,Barcelona,Spain,Temporary Street Circuit,3.791 km,1973,510,83.8,1933–1950,186,
Montjuïc,Barcelona,Spain,Temporary Street Circuit,4.205 km,NULL,NULL,NULL,1952,187,
Montjuïc,Barcelona,Spain,Temporary Street Circuit,6.033 km,NULL,NULL,NULL,1951,188,
Autodromo Nazionale di Monza,Monza,Italy,Modern Grand Prix Circuit,5.793 [ 4 ] [ 5 ] km,2025,257.781 km/h (160.178 mph ( Lando Norris,80.901,2000-2026,189,Pilote_Introuvable
Autodromo Nazionale di Monza,Monza,Italy,Motorcycle Circuit,5.777 km,NULL,NULL,NULL,2010-2026,190,
Autodromo Nazionale di Monza,Monza,Italy,Junior Course,2.405 [ 5 ] km,NULL,NULL,NULL,1959-2026,191,
Autodromo Nazionale di Monza,Monza,Italy,Grand Prix Circuit,5.770 km,1997,295,84.808,1996-1999,192,
Autodromo Nazionale di Monza,Monza,Italy,Grand Prix Circuit,5.834 km,1994,318,84.808,1994-1995,193,
Autodromo Nazionale di Monza,Monza,Italy,Grand Prix Circuit,5.800 km,1993,318,83.575,1976-1993,194,
Autodromo Nazionale di Monza,Monza,Italy,Grand Prix Circuit,5.780 km,NULL,NULL,NULL,1974-1976,195,
Autodromo Nazionale di Monza,Monza,Italy,Grand Prix Circuit,5.775 km,NULL,NULL,NULL,1972-1973,196,
Autodromo Nazionale di Monza,Monza,Italy,"Grand Prix Circuit (1955–1959, 1962–1971)Motorcycle Circuit (1955–1973)",5.750 km,1971,507,83.8, 1962–1971,197,
Autodromo Nazionale di Monza,Monza,Italy,Grand Prix Circuit Motorcycle Circuit,5.750 km,1971,507,83.8,1955–1959,197,
Autodromo Nazionale di Monza,Monza,Italy,Oval,4.250 [ 5 ] km,NULL,NULL,NULL,1955-1971,198,
Autodromo Nazionale di Monza,Monza,Italy,Combined Course,10.000 km,1960,223.02 km/h (138.58 mph ( Phil Hill,163.6,1955-1971,199,Pilote_Introuvable
Autodromo Nazionale di Monza,Monza,Italy,Grand Prix Circuit,6.300 km,1951,223,116.2,1948-1954,200,
Autodromo Nazionale di Monza,Monza,Italy,Florio Circuit,6.993 km,NULL,NULL,NULL,1938-1949,201,
Autodromo Nazionale di Monza,Monza,Italy,Florio Circuit with Temporary Chicanes,6.952 km,NULL,NULL,NULL,1935-1937,202,
Autodromo Nazionale di Monza,Monza,Italy,Grand Prix Circuit,4.329 km,NULL,NULL,NULL,1934,203,
Autodromo Nazionale di Monza,Monza,Italy,Original Grand Prix Circuit,10.000 km,NULL,NULL,NULL,1922-1933,204,
Mosport International Raceway,Ontario,Canada,Clockwise Grand Prix Circuit,3.957 km,NULL,NULL,NULL,1961-2026,205,
Autodromo Internazionale del Mugello,Mugello,Italy,Grand Prix Circuit,5.245 km,2020,299,78.833,1974-2026,206,
Autodromo Internazionale del Mugello,Mugello,Italy,Road Course,66.2 km,NULL,NULL,NULL,1964-1970,207,
Autodromo Internazionale del Mugello,Mugello,Italy,Road Course,19.0 km,NULL,NULL,NULL,1955,208,
Autodromo Internazionale del Mugello,Mugello,Italy,Road Course,61.895 km,NULL,NULL,NULL,1928-1929,209,
Autodromo Internazionale del Mugello,Mugello,Italy,Road Course,18.17 km,NULL,NULL,NULL,1925,210,
Autodromo Internazionale del Mugello,Mugello,Italy,Road Course,64.591 km,NULL,NULL,NULL,1920-1924,211,
Nivelles-Baulers,Brussels,Belgium,Grand Prix Circuit,3.724 km,1974,Denny Hulme,71.31,1972-1981,212,Pilote_Introuvable
Nürburgring,Nürburg,Germany,GP-Strecke,5.1480 km,2020,686,88.139,2001-2026,213,
Nürburgring,Nürburg,Germany,Sprint Circuit,3.629 km,NULL,NULL,NULL,2002-2026,214,
Nürburgring,Nürburg,Germany,Oldtimer Circuit,4.569 km,2018,Martin Stretton,96.325,2002-2026,215,Pilote_Introuvable
Nürburgring,Nürburg,Germany,24 Hours Circuit – Combined GP Circuit without Mercedes-Arena,25.378 km,NULL,NULL,NULL,2002-2026,216,
Nürburgring,Nürburg,Germany,Nordschleife,20.832 km,NULL,NULL,NULL,1983-2026,217,
Nürburgring,Nürburg,Germany,GP-Strecke with F1 Chicane,4.556 km,2001,Juan Pablo Montoya,78.354,1995-2001,218,Pilote_Introuvable
Nürburgring,Nürburg,Germany,GP-Strecke without F1 Chicane,4.542 km,NULL,NULL,NULL,1984-2001,219,
Nürburgring,Nürburg,Germany,Nordschleife,22.835 km,1975,547,426.4,1971-1982,220,
Nürburgring,Nürburg,Germany,Nordschleife,22.835 km,1969,333,460.8,1967-1970,221,
Nürburgring,Nürburg,Germany,Nordschleife,22.800 km,1965,148,504.1,1927-1966,222,
Nürburgring,Nürburg,Germany,Südschleife,7.747 km,NULL,NULL,NULL,1927-1982,223,
Nürburgring,Nürburg,Germany,Gesamtstrecke,28.265 km,NULL,NULL,NULL,1927-1982,224,
Okayama International Circuit,Okayama,Japan,Grand Prix Circuit,3.703 km,1994,600,74.023,1990-2026,225,
Okayama International Circuit,Okayama,Japan,Motorcycle Circuit,3.747 km,NULL,NULL,NULL,2020-2026,226,
Circuit de Pedralbes,Barcelona,Spain,Grand Prix Circuit,6.333 km,1954,31,140.4,1954-1955,227,
Circuit de Pedralbes,Barcelona,Spain,Grand Prix Circuit,6.316 km,1951,222,136.93,1951,228,
Circuit de Pedralbes,Barcelona,Spain,Grand Prix Circuit,4.465 km,NULL,NULL,NULL,1946-1950,229,
Pescara Circuit,Pescara,Italy,Grand Prix Circuit,25.801 km,1957,459,584.6,1934-1961,230,
Pescara Circuit,Pescara,Italy,Original Road Course,25.578 km,NULL,NULL,NULL,1924-1933,231,
Phoenix street circuit,Phoenix,USA,Grand Prix Circuit,3.721 km,NULL,NULL,NULL,1991,232,
Phoenix street circuit,Phoenix,USA,Grand Prix Circuit,3.799 km,NULL,NULL,NULL,1989-1990,233,
Autódromo Internacional do Algarve,Portimão,Portugal,Grand Prix Circuit,4.653 km,2020,299,78.75,2008-2026,234,
Autódromo Internacional do Algarve,Portimão,Portugal,Motorcycling Circuit,4.592 km,NULL,NULL,NULL,2008-2026,235,
Autódromo Internacional do Algarve,Portimão,Portugal,GP Circuit with Chicane,4.684 km,NULL,NULL,NULL,2008-2019,236,
Red Bull Ring,Spielberg,Austria,Red Bull Ring Grand Prix Circuit(2025),4.326 km,2025,512,67.924,,237,
Red Bull Ring,Spielberg,Austria,Red Bull Ring Grand Prix Circuit(August 2016–2024),4.318 km,2020,Carlos Sainz Jr.,65.619,,238,Pilote_Introuvable
Red Bull Ring,Spielberg,Austria,Red Bull Ring Motorcycle Circuit,4.348 km,NULL,NULL,NULL,2022-2026,239,
Red Bull Ring,Spielberg,Austria,Südschleife National Circuit [3],2.336 km,NULL,NULL,NULL,1996-2026,240,
Red Bull Ring,Spielberg,Austria,Red Bull Ring A1-Ring,4.326 km,2003,600,68.337,1996-2004,241,
Red Bull Ring,Spielberg,Austria,Österreichring,5.852 km,NULL,NULL,NULL,1988-1995,242,
Red Bull Ring,Spielberg,Austria,Österreichring,5.941 km,1987,419,88.318,1977-1987,243,
Red Bull Ring,Spielberg,Austria,Österreichring,5.911 km,NULL,NULL,NULL,1969-1976,244,
Reims-Gueux,Reims,France,Grand Prix Circuit,8.302 km,NULL,NULL,NULL,1954-1972,245,
Reims-Gueux,Reims,France,Grand Prix Circuit,8.372 km,NULL,NULL,NULL,1953,246,
Reims-Gueux,Reims,France,Grand Prix Circuit,7.152 km,NULL,NULL,NULL,1952,247,
Reims-Gueux,Reims,France,Original Circuit,7.826 km,1951,222,147.8,1926-1951,248,
Circuit Paul Ricard,Le Castellet,France,Current layout with Mistral chicane,5.842 km,2019,687,92.74,2005-2026,249,
Circuit Paul Ricard,Le Castellet,France,Current layout without Mistral chicane,5.770 km,NULL,NULL,NULL,2005-2026,250,
Circuit Paul Ricard,Le Castellet,France,Short Circuit with Mistral chicane,3.841 km,NULL,NULL,NULL,2002-2026,251,
Circuit Paul Ricard,Le Castellet,France,Short Grand Prix Circuit,3.812 km,1990,419,68.012,1986-2001,252,
Circuit Paul Ricard,Le Castellet,France,Original Grand Prix Circuit,5.809 km,1985,563,99.914,1970-2001,253,
Circuit Paul Ricard,Le Castellet,France,Original National Circuit,3.263 km,NULL,NULL,NULL,1970-2001,254,
Riverside International Raceway,California,USA,Long Grand Prix Road Course,5.31 km,NULL,NULL,NULL,1969-1989,255,
Riverside International Raceway,California,USA,Sports Car Short Course,4.099 km,NULL,NULL,NULL,1969-1989,256,
Riverside International Raceway,California,USA,Original Grand Prix Road Course,5.23 km,NULL,NULL,NULL,1957-1968,257,
Riverside International Raceway,California,USA,Sports Car Short Course,4.176 km,NULL,NULL,NULL,1957-1968,258,
Autódromo Hermanos Rodríguez,Mexico City,Mexico,Grand Prix Circuit [2],4.304 km,2021,93,77.774,2015-2026,259,
Autódromo Hermanos Rodríguez,Mexico City,Mexico,"Formula E Circuit (2020–2022, 2026)",2.606 km,NULL,NULL,NULL, 2026,260,
Autódromo Hermanos Rodríguez,Mexico City,Mexico,Formula E Circuit,2.606 km,NULL,NULL,NULL,2020–2022,260,
Autódromo Hermanos Rodríguez,Mexico City,Mexico,National Circuit,3.909 km,NULL,NULL,NULL,2015-2026,261,
Autódromo Hermanos Rodríguez,Mexico City,Mexico,Oval Circuit,1.609 km,NULL,NULL,NULL,1962-2026,262,
Autódromo Hermanos Rodríguez,Mexico City,Mexico,Formula E Circuit,2.628 km,NULL,NULL,NULL,2023-2025,263,
Autódromo Hermanos Rodríguez,Mexico City,Mexico,Formula E Circuit,2.093 km,NULL,NULL,NULL,2017-2019,264,
Autódromo Hermanos Rodríguez,Mexico City,Mexico,Original Formula E Circuit,2.091 km,NULL,NULL,NULL,2016,265,
Autódromo Hermanos Rodríguez,Mexico City,Mexico,Grand Prix Circuit,4.421 km,1991,419,76.788,1986-2014,266,
Autódromo Hermanos Rodríguez,Mexico City,Mexico,NASCAR Circuit,4.053 km,NULL,NULL,NULL,2007-2014,267,
Autódromo Hermanos Rodríguez,Mexico City,Mexico,Champ Car Grand Prix Circuit,4.463 km,NULL,NULL,NULL,2006-2007,268,
Autódromo Hermanos Rodríguez,Mexico City,Mexico,NASCAR Circuit,4.052 km,NULL,NULL,NULL,2005-2006,269,
Autódromo Hermanos Rodríguez,Mexico City,Mexico,CART/Champ Car Grand Prix Circuit,4.484 km,NULL,NULL,NULL,2002-2005,270,
Autódromo Hermanos Rodríguez,Mexico City,Mexico,Original Grand Prix Circuit,5.000 km,1969,333,103.05,1959-1985,271,
Autódromo Hermanos Rodríguez,Mexico City,Mexico,Original Short Circuit,3.991 km,NULL,NULL,NULL,1959-1985,272,
Sebring International Raceway,Florida,USA,GP Road Course,6.019 km,NULL,NULL,NULL,1999-2026,273,
Sebring International Raceway,Florida,USA,School Circuit,3.218 km,NULL,NULL,NULL,1998-2026,274,
Sebring International Raceway,Florida,USA,Johnson Club Circuit,2.736 km,NULL,NULL,NULL,1998-2026,275,
Sebring International Raceway,Florida,USA,7th variation,5.793 km,NULL,NULL,NULL,1996-1998,276,
Sebring International Raceway,Florida,USA,6th variation,5.954 km,NULL,NULL,NULL,1991-1995,277,
Sebring International Raceway,Florida,USA,5th variation,6.614 km,NULL,NULL,NULL,1987-1990,278,
Sebring International Raceway,Florida,USA,4th variation,7.821 km,NULL,NULL,NULL,1984-1986,279,
Sebring International Raceway,Florida,USA,3rd variation,7.644 km,NULL,NULL,NULL,1983,280,
Sebring International Raceway,Florida,USA,2nd variation,8.368 km,NULL,NULL,NULL,1967-1982,281,
Sebring International Raceway,Florida,USA,Original short road course,3.54 km,NULL,NULL,NULL,1969-1970,282,
Sebring International Raceway,Florida,USA,1st variation,8.355 km,NULL,NULL,NULL,1952-1966,283,
Sepang International Circuit,Kuala Lumpur,Malaysia,Grand Prix Circuit,5.543 km,2017,687,94.08,1999-2026,284,
Sepang International Circuit,Kuala Lumpur,Malaysia,North Circuit,2.706 km,NULL,NULL,NULL,1999-2026,285,
Shanghai International Circuit,Shanghai,China,Grand Prix Circuit,5.451 km,2004,600,92.238,2004-2026,286,
Shanghai International Circuit,Shanghai,China,Motorcycle Grand Prix Circuit,5.281 km,NULL,NULL,NULL,2004-2026,287,
Shanghai International Circuit,Shanghai,China,Intermediate Circuit,4.603 km,NULL,NULL,NULL,2004-2026,288,
Shanghai International Circuit,Shanghai,China,West Long Circuit,3.051 km,NULL,NULL,NULL,2012-2026,289,
Silverstone Circuit,Silverstone,UK,Arena Grand Prix Circuit,5.891 [ 2 ] km,2020,686,87.097,2011-2026,290,
Silverstone Circuit,Silverstone,UK,Motorcycle Circuit,5.900 km,NULL,NULL,NULL,2010-2026,291,
Silverstone Circuit,Silverstone,UK,Arena Grand Prix Circuit [3],5.901 km,2010,16,90.874,2010,292,
Silverstone Circuit,Silverstone,UK,International Circuit,2.979 km,NULL,NULL,NULL,2010-2026,293,
Silverstone Circuit,Silverstone,UK,National Circuit,2.639 km,2004,Scott Mansell,47.404,1997-2026,294,Pilote_Introuvable
Silverstone Circuit,Silverstone,UK,Bridge Grand Prix Circuit,5.141 km,2004,600,78.739,1997-2010,295,
Silverstone Circuit,Silverstone,UK,Bridge Grand Prix Circuit,5.072 km,1996,689,89.288,1996,296,
Silverstone Circuit,Silverstone,UK,Bridge Grand Prix Circuit with Copse tightened and Abbey chicane,5.057 km,1994,318,87.1,1994-1995,297,
Silverstone Circuit,Silverstone,UK,Bridge Grand Prix Circuit,5.226 km,1993,318,82.515,1991-1994,298,
Silverstone Circuit,Silverstone,UK,Grand Prix Circuit with Bridge chicane,4.778 km,1987,419,69.832,1987-1990,299,
Silverstone Circuit,Silverstone,UK,Grand Prix Circuit,4.719 km,1985,533,69.866,1975-1986,300,
Silverstone Circuit,Silverstone,UK,Grand Prix Circuit Motorcycling Circuit,4.711 km,1973,510,77.5,1952-1974,301,
Silverstone Circuit,Silverstone,UK,Grand Prix Circuit,4.649 km,1951,Nino Farina,104.0,1949-1951,302,Pilote_Introuvable
Silverstone Circuit,Silverstone,UK,Original Grand Prix Circuit,5.907 km,NULL,NULL,NULL,1948,303,
Sochi Autodrom,Sochi,Russia,Permanent Circuit,2.313 km,NULL,NULL,NULL,2024-2026,304,
Sochi Autodrom,Sochi,Russia,Grand Prix Circuit,5.848 km,2019,299,95.761,2014-2023,305,
Circuit de Spa-Francorchamps,Spa,Belgium,Grand Prix Circuit,7.004 km,2024,504,104.701,2007-2026,306,
Circuit de Spa-Francorchamps,Spa,Belgium,Motorcycle Circuit,6.985 km,NULL,NULL,NULL,2022-2026,307,
Circuit de Spa-Francorchamps,Spa,Belgium,Grand Prix Circuit,6.976 km,2004,539,105.108,2004-2006,308,
Circuit de Spa-Francorchamps,Spa,Belgium,Grand Prix Circuit,6.968 km,2002,600,107.176,1995-2003,309,
Circuit de Spa-Francorchamps,Spa,Belgium,Grand Prix Circuit with chicane at Eau Rouge,7.001 km,1994,318,117.117,1994,310,
Circuit de Spa-Francorchamps,Spa,Belgium,Grand Prix Circuit,6.940 km,1993,533,111.095,1981-1993,311,
Circuit de Spa-Francorchamps,Spa,Belgium,Grand Prix Circuit,6.947 km,NULL,NULL,NULL,1979-1980,312,
Circuit de Spa-Francorchamps,Spa,Belgium,Old Circuit,14.100 km,NULL,NULL,NULL,1957-1978,313,
Circuit de Spa-Francorchamps,Spa,Belgium,Old Circuit,14.120 km,1956,459,254.7,1939-1956,314,
Circuit de Spa-Francorchamps,Spa,Belgium,Original Pre-War Circuit,14.982 km,NULL,NULL,NULL,1921-1938,315,
Suzuka Circuit,Suzuka,Japan,Grand Prix Circuit,5.807 km,2025,Andrea Kimi Antonelli,90.965,2003-2026,316,Pilote_Introuvable
Suzuka Circuit,Suzuka,Japan,Motorcycle Grand Prix Circuit,5.821 km,NULL,NULL,NULL,2004-2026,317,
Suzuka Circuit,Suzuka,Japan,East Circuit,2.243 km,NULL,NULL,NULL,1987-2026,318,
Suzuka Circuit,Suzuka,Japan,West Circuit,3.466 km,NULL,NULL,NULL,1987-2026,319,
Suzuka Circuit,Suzuka,Japan,Motorcycle Grand Prix Circuit,5.824 km,NULL,NULL,NULL,2003,320,
Suzuka Circuit,Suzuka,Japan,Grand Prix Circuit,5.821 km,2002,600,96.125,2002,321,
Suzuka Circuit,Suzuka,Japan,Grand Prix Circuit,5.860 km,2001,602,96.944,1987-2001,322,
Suzuka Circuit,Suzuka,Japan,Grand Prix Circuit,5.945 km,NULL,NULL,NULL,1983-1986,323,
Suzuka Circuit,Suzuka,Japan,Original Circuit,6.004 km,NULL,NULL,NULL,1962-1982,324,
Circuit Mont-Tremblant,Quebec,Canada,Road Course,4.218 km,NULL,NULL,NULL,2004-2026,325,
Circuit Mont-Tremblant,Quebec,Canada,North Course,2.461 km,NULL,NULL,NULL,2002-2026,326,
Circuit Mont-Tremblant,Quebec,Canada,Road Course,4.264 km,NULL,NULL,NULL,1965-2002,327,
Circuit Mont-Tremblant,Quebec,Canada,Original North Road Course,2.51 km,NULL,NULL,NULL,1964-2002,328,
Valencia Street Circuit,Valencia,Spain,Grand Prix Circuit,5.419 km,2009,272,98.683,2008-2012,329,
Circuit Gilles Villeneuve,Montreal,Canada,Grand Prix Circuit,4.361 km,NULL,NULL,NULL,2002-2026,330,
Circuit Gilles Villeneuve,Montreal,Canada,Grand Prix Circuit,4.421 km,NULL,NULL,NULL,1996-2001,331,
Circuit Gilles Villeneuve,Montreal,Canada,Grand Prix Circuit,4.450 km,NULL,NULL,NULL,1994-1995,332,
Circuit Gilles Villeneuve,Montreal,Canada,Grand Prix Circuit,4.430 km,NULL,NULL,NULL,1988-1993,333,
Circuit Gilles Villeneuve,Montreal,Canada,Grand Prix Circuit,4.410 km,NULL,NULL,NULL,1978-1986,334,
Watkins Glen,New York State,USA,Grand Prix Circuit,5.552 km,NULL,NULL,NULL,1992-2026,335,
Watkins Glen,New York State,USA,Short Circuit,3.943 km,NULL,NULL,NULL,1992-2026,336,
Watkins Glen,New York State,USA,Short Circuit,3.907 km,NULL,NULL,NULL,1979-1991,337,
Watkins Glen,New York State,USA,"Grand Prix Circuit (1971–1974, 1986–1991)",5.434 km,NULL,NULL,NULL, 1986–1991,338,
Watkins Glen,New York State,USA,Grand Prix Circuit,5.434 km,NULL,NULL,NULL,1971–1974,338,
Watkins Glen,New York State,USA,Grand Prix Circuit,5.434 km,1980,349,94.068,1975-1985,339,
Watkins Glen,New York State,USA,Sports Car Circuit,3.91 km,NULL,NULL,NULL,1971,340,
Watkins Glen,New York State,USA,Original Grand Prix Circuit,3.782 km,NULL,NULL,NULL,1956-1970,341,
Watkins Glen,New York State,USA,Second Public Road Course,7.402 km,NULL,NULL,NULL,1953-1955,342,
Watkins Glen,New York State,USA,Original Public Road Course,10.621 km,NULL,NULL,NULL,1948-1952,343,
Yas Marina Circuit,Abu Dhabi,UAE,Grand Prix Circuit,5.281 km,2024,415,85.637,2021-2026,344,
Yas Marina Circuit,Abu Dhabi,UAE,Corkscrew Circuit,4.572 km,NULL,NULL,NULL,2021-2026,345,
Yas Marina Circuit,Abu Dhabi,UAE,North Circuit,3.005 km,NULL,NULL,NULL,2021-2026,346,
Yas Marina Circuit,Abu Dhabi,UAE,Grand Prix Circuit,5.554 km,2019,299,99.283,2009-2021,347,
Yas Marina Circuit,Abu Dhabi,UAE,Corkscrew Circuit,4.730 km,NULL,NULL,NULL,2009-2021,348,
Yas Marina Circuit,Abu Dhabi,UAE,North Circuit,3.130 km,NULL,NULL,NULL,2009-2021,349,
Yas Marina Circuit,Abu Dhabi,UAE,South Circuit,2.360 km,NULL,NULL,NULL,2009-2021,350,
Korean International Circuit,Yeongam County,Korea,Grand Prix Circuit,5.615 km,2011,687,99.605,2010-2026,351,
Korean International Circuit,Yeongam County,Korea,National Circuit,3.045 km,NULL,NULL,NULL,2010-2026,352,
Circuit Park Zandvoort,Zandvoort,Netherlands,Grand Prix Circuit,4.259 km,2021,299,71.097,2020-2026,353,
Circuit Park Zandvoort,Zandvoort,Netherlands,Grand Prix Circuit,4.307 km,2019,Klaas Zwart [ de ],81.044,1999-2019,354,Pilote_Introuvable
Circuit Park Zandvoort,Zandvoort,Netherlands,Club Circuit,2.526 km,NULL,NULL,NULL,1990-1998,355,
Circuit Park Zandvoort,Zandvoort,Netherlands,Grand Prix Circuit,4.252 km,1985,533,76.538,1980-1989,356,
Circuit Park Zandvoort,Zandvoort,Netherlands,Grand Prix Circuit,4.226 km,1979,688,79.438,1972-1979,357,
Circuit Park Zandvoort,Zandvoort,Netherlands,Grand Prix Circuit,4.193 km,1970,333,79.23,1948-1971,358,
Zeltweg,Styria,Austria,Grand Prix Circuit,3.186 km,NULL,NULL,NULL,1957-1968,359,
Zolder,Heusden-Zolder,Belgium,Grand Prix Circuit,4.010 km,NULL,NULL,NULL,2002-2026,360,
Zolder,Heusden-Zolder,Belgium,Grand Prix Circuit,4.184 km,NULL,NULL,NULL,1986-2001,361,
Zolder,Heusden-Zolder,Belgium,Grand Prix Circuit,4.262 km,1984,29,79.294,1975-1985,362,
Zolder,Heusden-Zolder,Belgium,Grand Prix Circuit,4.220 km,NULL,NULL,NULL,1973-1974,363,
Zolder,Heusden-Zolder,Belgium,Original Grand Prix Circuit,4.186 km,NULL,NULL,NULL,1963-1972,364,
