driverID,dFirstName,dLastName,dBirthdate,dDeathdate,dCountry,dGender
1,George,Abecassis,1913-03-21,1991-12-18,Royaume-Uni,H
2,Kenny,Acheson,1957-11-27,Null,Royaume-Uni,H
3,Philippe,Adams,1969-11-19,Null,Belgique,H
4,Walt,Ader,1912-12-15,1982-11-25,États-Unis,H
5,Kurt,Adolff,1921-11-05,2012-01-24,Allemagne,H
6,Fred,Agabashian,1913-08-21,1989-10-13,États-Unis,H
7,Kurt,Ahrens,1940-04-19,Null,Allemagne,H
8,Jack,Aitken,1995-09-23,Null,Royaume-Uni,H
9,Christijan,Albers,1979-04-16,Null,Pays-Bas,H
10,Alexander,Albon,1996-03-23,Null,Royaume-Uni,H
11,Michele,Alboreto,1956-12-23,2001-04-25,Italie,H
12,Jean,Alesi,1964-06-11,Null,France,H
13,Jaime,Alguersuari,1990-03-23,Null,Espagne,H
14,Philippe,Alliot,1954-07-27,Null,France,H
15,Cliff,Allison,1932-02-08,2005-04-07,Royaume-Uni,H
16,Fernando,Alonso,1981-07-29,Null,Espagne,H
17,George,Amick,1924-10-24,1959-04-04,États-Unis,H
18,Red,Amick,1929-01-19,1995-05-16,États-Unis,H
19,Chris,Amon,1943-07-20,2016-08-03,Nouvelle-Zélande,H
20,Bob,Anderson,1931-05-19,1967-08-14,Royaume-Uni,H
21,Conny,Andersson,1939-12-28,Null,Suède,H
22,Mario,Andretti,1940-02-28,Null,États-Unis,H
23,Michael,Andretti,1962-10-05,Null,États-Unis,H
24,Keith,Andrews,1920-06-15,1957-05-15,États-Unis,H
25,Kimi,Antonelli,2006-08-25,Null,Italie,H
26,Marco,Apicella,1965-10-07,Null,Italie,H
27,Frank,Armi,1918-10-12,1992-11-28,États-Unis,H
28,Chuck,Arnold,1926-05-30,1997-09-04,États-Unis,H
29,René,Arnoux,1948-07-04,Null,France,H
30,Peter,Arundell,1933-11-08,2009-06-16,Royaume-Uni,H
31,Alberto,Ascari,1918-07-13,1955-05-26,Italie,H
32,Peter,Ashdown,1934-10-16,Null,Royaume-Uni,H
33,Ian,Ashley,1947-10-26,Null,Royaume-Uni,H
34,Gerry,Ashmore,1936-07-25,2021-08-25,Royaume-Uni,H
35,Bill,Aston,1900-03-29,1974-03-04,Royaume-Uni,H
36,Richard,Attwood,1940-04-04,Null,Royaume-Uni,H
37,Manny,Ayulo,1921-10-20,1955-05-16,États-Unis,H
38,Luca,Badoer,1971-01-25,Null,Italie,H
39,Giancarlo,Baghetti,1934-12-25,1995-11-27,Italie,H
40,Julian,Bailey,1961-10-09,Null,Royaume-Uni,H
41,Mauro,Baldi,1954-01-31,Null,Italie,H
42,Bobby,Ball,1925-08-26,1954-02-27,États-Unis,H
43,Marcel,Balsa,1909-01-01,1984-08-11,France,H
44,Lorenzo,Bandini,1935-12-21,1967-05-10,Italie,H
45,Henry,Banks,1913-06-14,1994-12-18,États-Unis,H
46,Fabrizio,Barbazza,1963-04-02,Null,Italie,H
47,John,Barber,1929-07-22,2015-02-04,Royaume-Uni,H
48,Skip,Barber,1936-11-16,Null,États-Unis,H
49,Paolo,Barilla,1961-04-20,Null,Italie,H
50,Rubens,Barrichello,1972-05-23,Null,Brésil,H
51,Edgar,Barth,1917-01-26,1965-05-20,Allemagne,H
52,Giorgio,Bassi,1934-01-20,Null,Italie,H
53,Erwin,Bauer,1912-07-17,1958-06-03,Null,H
54,Zsolt,Baumgartner,1981-01-01,Null,Hongrie,H
55,Élie,Bayol,1914-02-28,1995-05-25,France,H
56,Oliver,Bearman,2005-05-08,Null,Royaume-Uni,H
57,Don,Beauman,1928-07-26,1955-07-09,Royaume-Uni,H
58,Günther,Bechem,1921-12-21,2011-05-03,Allemagne,H
59,Jean,Behra,1921-02-16,1959-08-01,France,H
60,Derek,Bell,1941-10-31,Null,Royaume-Uni,H
61,Stefan,Bellof,1957-11-20,1985-09-01,Allemagne,H
62,Paul,Belmondo,1963-04-23,Null,France,H
63,Tom,Belsø,1942-08-27,2020-01-11,Danemark,H
64,Jean-Pierre,Beltoise,1937-04-26,2015-01-05,France,H
65,Olivier,Beretta,1969-11-23,Null,Monaco,H
66,Allen,Berg,1961-08-01,Null,Canada,H
67,Georges,Berger,1918-09-14,1967-08-23,Belgique,H
68,Gerhard,Berger,1959-08-27,Null,Autriche,H
69,Éric,Bernard,1964-08-24,Null,France,H
70,Enrique,Bernoldi,1978-10-29,Null,Brésil,H
71,Tony,Bettenhausen,1916-09-12,1961-05-12,États-Unis,H
72,Mike,Beuttler,1940-04-13,1988-12-29,Royaume-Uni,H
73,Jules,Bianchi,1989-08-03,2015-07-17,France,H
74,Lucien,Bianchi,1934-11-10,1969-03-30,Italie,H
75,Gino,Bianco,1916-07-22,1984-05-08,Null,H
76,Hans,Binder,1948-06-12,Null,Autriche,H
77,Clemente,Biondetti,1898-08-18,1955-02-24,Italie,H
78,Birabongse,Bira,1914-07-15,1985-12-23,Thaïlande,H
79,Pablo,Birger,1924-01-07,1966-03-09,Argentine,H
80,Art,Bisch,Null,Null,Null,H
81,Harry,Blanchard,1929-06-13,1960-01-31,États-Unis,H
82,Michael,Bleekemolen,1949-10-02,Null,Pays-Bas,H
83,Trevor,Blokdyk,1935-11-30,1995-03-19,Afrique du Sud,H
84,Mark,Blundell,1966-04-08,Null,Royaume-Uni,H
85,Raul,Boesel,1957-12-04,Null,Brésil,H
86,Bob,Bondurant,1933-04-27,2021-11-12,États-Unis,H
87,Felice,Bonetto,1903-06-09,1953-11-21,Italie,H
88,Joakim,Bonnier,1930-01-31,1972-06-11,Suède,H
89,Roberto,Bonomi,1919-09-30,1992-01-10,Argentine,H
90,Slim,Borgudd,1946-11-25,2023-02-23,Suède,H
91,Gabriel,Bortoleto,2004-10-14,Null,Brésil,H
92,Luki,Botha,1930-01-16,2006-10-17,Afrique du Sud,H
93,Valtteri,Bottas,1989-08-28,Null,Finlande,H
94,Jean-Christophe,Boullion,1969-12-27,Null,France,H
95,Sébastien,Bourdais,1979-02-28,Null,France,H
96,Thierry,Boutsen,1957-07-13,Null,Belgique,H
97,Johnny,Boyd,1926-08-19,2003-10-26,États-Unis,H
98,David,Brabham,1965-09-05,Null,Australie,H
99,Jack,Brabham,1926-04-02,2014-05-19,Australie,H
100,Bill,Brack,1935-12-26,Null,Canada,H
101,Vittorio,Brambilla,1937-11-11,2001-05-26,Italie,H
102,Toni,Branca,1916-09-15,1985-05-10,Suisse,H
103,Eric,Brandon,1920-07-18,1982-08-08,Royaume-Uni,H
104,Don,Branson,1920-06-02,1966-11-12,États-Unis,H
105,Tony,Brise,1952-03-28,1975-11-29,Royaume-Uni,H
106,Chris,Bristow,1937-12-02,1960-06-19,Royaume-Uni,H
107,Peter,Broeker,1926-05-15,1980-11-04,Canada,H
108,Tony,Brooks,1932-02-25,2022-05-03,Royaume-Uni,H
109,Alan,Brown,1919-11-20,2004-01-20,Royaume-Uni,H
110,Walt,Brown,1911-12-30,1951-07-29,États-Unis,H
111,Warwick,Brown,1949-12-24,Null,Australie,H
112,Adolf,Brudes,1899-10-15,1986-11-05,Null,H
113,Martin,Brundle,1959-06-01,Null,Royaume-Uni,H
114,Gianmaria,Bruni,1981-05-30,Null,Italie,H
115,Jimmy,Bryan,1926-01-28,1960-06-19,États-Unis,H
116,Clemar,Bucci,1920-09-04,2011-01-12,Argentine,H
117,Ronnie,Bucknum,1936-04-05,1992-04-23,États-Unis,H
118,Ivor,Bueb,1923-06-06,1959-08-01,Royaume-Uni,H
119,Sébastien,Buemi,1988-10-31,Null,Suisse,H
120,Luiz,Bueno,1937-01-16,2011-02-08,Brésil,H
121,Ian,Burgess,1930-07-06,2012-05-19,Royaume-Uni,H
122,Luciano,Burti,1975-03-05,Null,Brésil,H
123,Roberto,Bussinello,1927-10-04,1999-08-24,Italie,H
124,Jenson,Button,1980-01-19,Null,Royaume-Uni,H
125,Tommy,Byrne,1958-05-06,Null,Irlandais,H
126,Giulio,Cabianca,1923-02-19,1961-06-15,Italie,H
127,Alex,Caffi,1964-03-18,Null,Italie,H
128,John,Campbell-Jones,1930-01-21,2020-03-24,Royaume-Uni,H
129,Adrián,Campos,1960-06-17,2021-01-27,Espagne,H
130,Eitel,Cantoni,1906-10-04,1997-06-06,Uruguay,H
131,Ivan,Capelli,1963-05-24,Null,Italie,H
132,Piero,Carini,1921-03-06,1957-05-30,Italie,H
133,Duane,Carter,1913-05-05,1993-03-07,États-Unis,H
134,Eugenio,Castellotti,1930-10-10,1957-03-14,Italie,H
135,Johnny,Cecotto,1956-01-25,Null,Vénézuelien,H
136,François,Cevert,1944-02-25,1973-10-06,France,H
137,Eugène,Chaboud,1907-04-12,1983-12-28,France,H
138,Jay,Chamberlain,1925-12-29,2001-08-01,États-Unis,H
139,Karun,Chandhok,1984-01-19,Null,Inde,H
140,Dave,Charlton,1936-10-27,2013-02-24,Afrique du Sud,H
141,Eddie,Cheever,1958-01-10,Null,États-Unis,H
142,Andrea,Chiesa,1964-05-06,Null,Suisse,H
143,Max,Chilton,1991-04-21,Null,Royaume-Uni,H
144,Ettore,Chimeri,1921-06-04,1960-02-27,Venezuela,H
145,Louis,Chiron,1899-08-03,1979-06-22,France,H
146,Joie,Chitwood,1912-04-14,1988-01-03,États-Unis,H
147,Johnny,Claes,1916-08-11,1956-02-03,Belgique,H
148,Jim,Clark,1936-03-04,1968-04-07,Royaume-Uni,H
149,Franco,Colapinto,2003-05-27,Null,Argentine,H
150,Peter,Collins,1931-11-06,1958-08-03,Royaume-Uni,H
151,Bernard,Collomb,1930-10-07,2011-09-19,France,H
152,Erik,Comas,1963-09-28,Null,France,H
153,Gianfranco,Comotti,1906-07-24,1963-05-10,Italie,H
154,George,Connor,1906-08-16,2001-03-28,États-Unis,H
155,George,Constantine,1918-02-22,1968-01-07,États-Unis,H
156,John,Cordts,1935-07-23,Null,Canada,H
157,David,Coulthard,1971-03-27,Null,Royaume-Uni,H
158,Piers,Courage,1942-05-27,1970-06-21,Royaume-Uni,H
159,Chris,Craft,1939-11-17,2021-02-20,Royaume-Uni,H
160,Jim,Crawford,1948-02-13,2002-08-06,Royaume-Uni,H
161,Antonio,Creus,1924-10-28,1996-02-19,Espagne,H
162,Tony,Crook,1920-02-16,2014-01-21,Royaume-Uni,H
163,Art,Cross,1918-01-24,2005-04-15,États-Unis,H
164,Geoff,Crossley,1921-05-11,2002-01-07,Royaume-Uni,H
165,Cristiano,da Matta,1973-09-19,Null,Brésil,H
166,Jerôme,d'Ambrosio,1985-12-27,Null,Belgique,H
167,Hermano,da Silva Ramos,1925-12-07,Null,Brésil,H
168,Chuck,Daigh,1923-11-29,2008-04-29,États-Unis,H
169,Yannick,Dalmas,1961-07-28,Null,France,H
170,Derek,Daly,1953-03-11,Null,Irlandaise,H
171,Christian,Danner,1958-04-04,Null,Allemagne,H
172,Jorge,Daponte,1923-06-05,1963-03-09,Argentine,H
173,Anthony,Davidson,1979-04-18,Null,Royaume-Uni,H
174,Jimmy,Davies,1929-08-18,1966-06-11,États-Unis,H
175,Colin,Davis,1933-07-29,2012-12-19,Royaume-Uni,H
176,Jimmy,Daywalt,1924-08-28,1966-04-04,États-Unis,H
177,Andrea,de Adamich,1941-10-03,2025-11-05,Italie,H
178,Elio,De Angelis,1958-03-26,1986-05-15,Italie,H
179,Mário,de Araújo Cabral,1934-01-15,2020-08-17,Portugal,H
180,Andrea,De Cesaris,1959-05-31,2014-10-05,Italie,H
181,Maria Teresa,De Filippis,1926-11-11,2016-01-09,Italie,F
182,Emmanuel,de Graffenried,1914-05-18,2007-01-22,Suisse,H
183,Peter,de Klerk,1935-03-16,2015-07-11,Afrique du Sud,H
184,Pedro,de la Rosa,1971-02-24,Null,Espagne,H
185,Alfonso,de Portago,1928-10-11,1957-05-12,Espagne,H
186,Max,de Terra,1918-10-06,1982-12-29,Suisse,H
187,Alejandro,De Tomaso,1928-07-10,2003-05-21,Argentine,H
188,Charles,De Tornaco,1927-06-07,1953-09-18,Belgique,H
189,Emilio,de Villota,1946-07-26,Null,Espagne,H
190,Nyck,de Vries,1995-02-06,Null,Pays-Bas,H
191,Jean-Denis,Delétraz,1963-10-01,Null,Suisse,H
192,Patrick,Depailler,1944-08-09,1980-08-01,France,H
193,Lucas,di Grassi,1984-08-11,Null,Brésil,H
194,Pedro,Diniz,1970-05-22,Null,Brésil,H
195,Paul,di Resta,1986-04-16,Null,Royaume-Uni,H
196,José,Dolhem,1944-04-26,1988-04-16,France,H
197,Martin,Donnelly,1964-03-26,Null,Royaume-Uni,H
198,Mark,Donohue,1937-03-18,1975-08-19,États-Unis,H
199,Jack,Doohan,2003-01-20,Null,Australie,H
200,Robert,Doornbos,1981-09-23,Null,Pays-Bas,H
201,Fritz,d'Orey,1938-03-25,2020-08-31,Brésil,H
202,Ken,Downing,1917-12-05,2004-05-03,Royaume-Uni,H
203,Bob,Drake,1919-12-14,1990-04-18,États-Unis,H
204,Paddy,Driver,1934-05-13,Null,Afrique du Sud,H
205,Piero,Drogo,1926-08-08,1973-04-28,Italie,H
206,Johnny,Dumfries,1958-04-26,2021-03-22,Royaume-Uni,H
207,George,Eaton,1945-11-12,Null,Canada,H
208,Guy,Edwards,1942-12-30,Null,Royaume-Uni,H
209,Vic,Elford,1935-06-10,2022-03-13,Royaume-Uni,H
210,Paul,Emery,1916-11-12,1993-02-03,Royaume-Uni,H
211,Tomáš,Enge,1976-09-11,Null,République Tchèque,H
212,Marcus,Ericsson,1990-09-02,Null,Suède,H
213,Harald,Ertl,1948-08-31,1982-04-07,Null,H
214,Nasif,Estéfano,1932-11-18,1973-10-21,Argentine,H
215,Philippe,Étancelin,1896-12-28,1981-10-13,France,H
216,Bob,Evans,1947-06-11,Null,Royaume-Uni,H
217,Corrado,Fabi,1961-04-12,Null,Italie,H
218,Teo,Fabi,1955-03-09,Null,Italie,H
219,Pascal,Fabre,1960-01-09,Null,France,H
220,Luigi,Fagioli,1898-06-09,1952-06-20,Italie,H
221,Jack,Fairman,1913-03-15,2002-02-07,Royaume-Uni,H
222,Juan Manuel,Fangio,1911-06-24,1995-07-17,Argentine,H
223,Giuseppe,Farina,1906-10-30,1966-06-30,Italie,H
224,Walt,Faulkner,1918-02-16,1956-04-22,États-Unis,H
225,Ralph,Firman,1975-05-20,Null,Irlandais,H
226,Rudi,Fischer,1912-04-19,1976-12-30,Suisse,H
227,Mike,Fisher,1943-03-13,Null,États-Unis,H
228,Giancarlo,Fisichella,1973-01-14,Null,Italie,H
229,John,Fitch,1917-08-04,2012-10-31,États-Unis,H
230,Christian,Fittipaldi,1971-01-18,Null,Brésil,H
231,Emerson,Fittipaldi,1946-12-12,Null,Brésil,H
232,Pietro,Fittipaldi,1996-06-25,Null,États-Unis,H
233,Wilson,Fittipaldi,1943-12-25,2024-02-23,Brésil,H
234,Theo,Fitzau,1923-02-10,1982-03-18,Allemagne,H
235,Pat,Flaherty,1926-01-06,2002-04-09,États-Unis,H
236,Jan,Flinterman,1919-10-02,1992-12-26,Pays-Bas,H
237,Ron,Flockhart,1923-06-16,1962-04-12,Royaume-Uni,H
238,Gregor,Foitek,1965-03-27,Null,Suisse,H
239,George,Follmer,1934-01-27,Null,États-Unis,H
240,Noberto,Fontana,1975-01-20,Null,Argentine,H
241,Franco,Forini,1958-09-22,Null,Suisse,H
242,Philip,Fotheringham-Parker,1907-09-22,1981-10-15,Royaume-Uni,H
243,A.,Foyt,1935-01-16,Null,États-Unis,H
244,Don,Freeland,1925-03-25,2007-11-02,États-Unis,H
245,Heinz-Harald,Frentzen,1967-05-18,Null,Allemagne,H
246,Paul,Frère,1917-01-30,2008-02-23,Belgique,H
247,Patrick,Friesacher,1980-09-26,Null,Autriche,H
248,Joe,Fry,1915-10-26,1950-07-29,Royaume-Uni,H
249,Beppe,Gabbiani,1957-01-02,Null,Italie,H
250,Bertrand,Gachot,1962-12-23,Null,France,H
251,Patrick,Gaillard,1952-02-12,Null,France,H
252,Nanni,Galli,1940-10-02,2019-10-12,Italie,H
253,Oscar Alfredo,Gálvez,1913-08-17,1989-12-16,Argentine,H
254,Fred,Gamble,1932-03-17,2024-03-19,États-Unis,H
255,Howden,Ganley,1941-12-24,Null,Nouvelle-Zélande,H
256,Frank,Gardner,1931-10-01,2009-08-29,Australie,H
257,Jo,Gartner,1954-01-24,1986-06-01,Autriche,H
258,Pierre,Gasly,1996-02-07,Null,France,H
259,Tony,Gaze,1920-02-03,2013-07-29,Australie,H
260,Giacomo,Russo,1937-10-23,1967-06-18,Italie,H
261,Olivier,Gendebien,1924-01-12,1998-10-02,Belgique,H
262,Marc,Gené,1974-03-29,Null,Espagne,H
263,Bob,Gerard,1914-01-19,1990-01-26,Royaume-Uni,H
264,Gerino,Gerini,1928-08-10,2013-04-17,Italie,H
265,Peter,Gethin,1940-02-21,2011-12-05,Royaume-Uni,H
266,Piercarlo,Ghinzani,1952-01-16,Null,Italie,H
267,Bruno,Giacomelli,1952-09-10,Null,Italie,H
268,Richie,Ginther,1930-08-05,1989-09-20,États-Unis,H
269,Antonio,Giovinazzi,1993-12-14,Null,Italie,H
270,Yves,Giraud-Cabantous,1903-10-08,1973-03-30,France,H
271,Ignazio,Giunti,1941-08-30,1971-01-10,Italie,H
272,Timo,Glock,1982-03-18,Null,Allemagne,H
273,Francesco,Sales,1921-03-21,1990-11-28,Espagne,H
274,Carel,Godin de Beaufort,1934-04-10,1964-08-02,Pays-Bas,H
275,Paul,Goldsmith,1925-10-02,2024-09-06,États-Unis,H
276,José Froilán,González,1922-10-05,2013-06-15,Argentine,H
277,Óscar,González,1923-11-10,2006-11-05,Uruguay,H
278,Aldo,Gordini,1921-05-20,1995-01-28,France,H
279,Horace,Gould,1921-09-20,1968-11-04,Royaume-Uni,H
280,Jean-Marc,Gounon,1963-01-01,Null,France,H
281,Cecil,Green,1919-09-30,1951-07-29,États-Unis,H
282,Keith,Greene,1938-01-05,2021-03-08,Royaume-Uni,H
283,Masten,Gregory,1932-02-29,1985-11-08,États-Unis,H
284,Georges,Grignard,1905-07-25,1977-12-07,France,H
285,Romain,Grosjean,1986-04-17,Null,France,H
286,Olivier,Grouillard,1958-09-02,Null,France,H
287,Miguel Ángel,Guerra,1953-08-31,Null,Argentine,H
288,Roberto,Guerrero,1958-11-16,Null,Colombie,H
289,Mauricio,Gugelmin,1963-04-20,Null,Brésil,H
290,Dan,Gurney,1931-04-13,2018-01-14,États-Unis,H
291,Esteban,Gutiérrez,1991-08-05,Null,Mexique,H
292,Isack,Hadjar,2004-09-28,Null,France,H
293,Hubert,Hahne,1935-03-28,2019-04-24,Allemagne,H
294,Mike,Hailwood,1940-04-02,1981-03-23,Royaume-Uni,H
295,Mika,Häkkinen,1968-09-28,Null,Finlande,H
296,Bruce,Halford,1931-05-18,2001-12-02,Royaume-Uni,H
297,Jim,Hall,1935-07-23,Null,États-Unis,H
298,Duncan,Hamilton,1920-04-30,1994-05-13,Royaume-Uni,H
299,Lewis,Hamilton,1985-01-07,Null,Royaume-Uni,H
300,David,Hampshire,1917-12-29,1990-08-25,Royaume-Uni,H
301,Sam,Hanks,1914-07-13,1994-06-27,États-Unis,H
302,Walt,Hansgen,1919-10-28,1966-04-07,États-Unis,H
303,Mike,Harris,1939-05-25,2021-11-08,Zimbabwe,H
304,Cuth,Harrison,1906-07-06,1981-01-21,Royaume-Uni,H
305,Brendon,Hartley,1989-11-10,Null,Nouvelle-Zélande,H
306,Rio,Haryanto,1993-01-22,Null,Indonésie,H
307,Masahiro,Hasemi,1945-11-13,Null,Japon,H
308,Paul,Hawkins,1937-10-12,1969-05-26,Australie,H
309,Mike,Hawthorn,1929-04-10,1959-01-22,Royaume-Uni,H
310,Willi,Heeks,1922-02-13,1996-08-13,Allemagne,H
311,Nick,Heidfeld,1977-05-10,Null,Allemagne,H
312,Theo,Helfrich,1913-05-13,1978-04-29,Allemagne,H
313,Brian,Henton,1946-09-19,Null,Royaume-Uni,H
314,Johnny,Herbert,1964-06-25,Null,Royaume-Uni,H
315,Hans,Herrmann,1928-02-23,2026-01-09,Allemagne,H
316,François,Hesnault,1956-12-30,Null,France,H
317,Hans,Heyer,1943-03-16,Null,Allemagne,H
318,Damon,Hill,1960-09-17,Null,Royaume-Uni,H
319,Graham,Hill,1929-02-15,1975-11-29,Royaume-Uni,H
320,Phil,Hill,1927-04-20,2008-08-28,États-Unis,H
321,Peter,Hirt,1910-03-30,1992-06-28,Suisse,H
322,David,Hobbs,1939-06-09,Null,Royaume-Uni,H
323,Ingo,Hoffmann,1953-02-28,Null,Brésil,H
324,Bill,Holland,1907-12-18,1984-05-20,États-Unis,H
325,Bill,Homeier,1918-08-31,2001-05-05,États-Unis,H
326,Kazuyoshi,Hoshino,1947-07-01,Null,Japon,H
327,Jerry,Hoyt,1929-01-29,1955-07-10,États-Unis,H
328,Nico,Hülkenberg,1987-08-19,Null,Allemagne,H
329,Denis,Hulme,1936-06-18,1992-10-04,Nouvelle-Zélande,H
330,James,Hunt,1947-08-29,1993-06-15,Royaume-Uni,H
331,Jim,Hurtubise,1932-12-05,1989-01-06,États-Unis,H
332,Gus,Hutchison,1937-04-26,Null,États-Unis,H
333,Jacky,Ickx,1945-01-01,Null,Belgique,H
334,Yuji,Ide,1975-01-21,Null,Japon,H
335,Jesús,Iglesias,1922-02-22,2005-07-11,Argentine,H
336,Taki,Inoue,1963-09-05,Null,Japon,H
337,Innes,Ireland,1930-06-12,1993-10-22,Royaume-Uni,H
338,Eddie,Irvine,1965-11-10,Null,Royaume-Uni,H
339,Chris,Irwin,1942-06-27,Null,Royaume-Uni,H
340,Jean-Pierre,Jabouille,1942-10-01,2023-02-02,France,H
341,John,James,1914-05-10,2002-01-27,Royaume-Uni,H
342,Jean-Pierre,Jarier,1946-07-10,Null,France,H
343,JJ,Lehto,1966-01-31,Null,Finlande,H
344,Max,Jean,1943-07-27,Null,France,H
345,Stefan,Johansson,1956-09-08,Null,Suède,H
346,Eddie,Johnson,1919-02-10,1974-06-30,États-Unis,H
347,Leslie,Johnson,1912-03-22,1959-06-08,Royaume-Uni,H
348,Bruce,Johnstone,1937-01-30,2022-03-03,Afrique du Sud,H
349,Alan,Jones,1946-11-02,Null,Australie,H
350,Oswald,Karch,1917-03-06,2009-01-28,Allemagne,H
351,Narain,Karthikeyan,1977-01-14,Null,Inde,H
352,Ukyo,Katayama,1963-05-29,Null,Japon,H
353,Rupert,Keegan,1955-02-26,2024-09-23,Royaume-Uni,H
354,Eddie,Keizan,1944-09-12,2016-05-21,Afrique du Sud,H
355,Joe,Kelly,1913-03-13,1993-11-28,Irlandais,H
356,Loris,Kessel,1950-04-01,2010-05-15,Suisse,H
357,Nicolas,Kiesa,1978-03-03,Null,Danemark,H
358,Leo,Kinnunen,1943-08-05,2017-07-26,Finlande,H
359,Danny,Kladis,1917-02-10,2009-04-26,États-Unis,H
360,Hans,Klenk,1919-10-28,2009-03-24,Allemagne,H
361,Christian,Klien,1983-02-07,Null,Autriche,H
362,Karl,Kling,1910-09-16,2003-03-19,Allemagne,H
363,Ernst,Klodwig,1903-05-23,1973-04-15,Allemagne,H
364,Kamui,Kobayashi,1986-09-13,Null,Japon,H
365,Helmuth,Koinigg,1948-11-03,1974-10-06,Autriche,H
366,Heikki,Kovalainen,1981-10-19,Null,Finlande,H
367,Rudolf,Krause,1907-03-30,1987-04-11,Allemagne,H
368,Robert,Kubica,1984-12-07,Null,Pologne,H
369,Daniil,Kvyat,1994-04-26,Null,Russie,H
370,Jacques,Laffite,1943-11-21,Null,France,H
371,Franck,Lagorce,1968-09-01,Null,France,H
372,Jan,Lammers,1956-06-02,Null,Pays-Bas,H
373,Pedro,Lamy,1972-03-20,Null,Portugal,H
374,Chico,Landi,1907-07-14,1989-06-07,Brésil,H
375,Hermann,Lang,1909-04-06,1987-10-19,Allemagne,H
376,Nicola,Larini,1964-03-19,Null,Italie,H
377,Oscar,Larrauri,1954-08-19,Null,Argentine,H
378,Gérard,Larrousse,1940-05-23,Null,France,H
379,Nicholas,Latifi,1995-06-29,Null,Canada,H
380,Niki,Lauda,1949-02-22,2019-05-20,Autriche,H
381,Roger,Laurent,1913-02-21,1997-02-06,Belgique,H
382,Giovanni,Lavaggi,1958-02-18,Null,Italie,H
383,Chris,automobile),1933-07-27,2011-08-13,Royaume-Uni,H
384,Liam,Lawson,2002-02-11,Null,Nouvelle-Zélande,H
385,Charles,Leclerc,1997-10-16,Null,Monaco,H
386,Michel,Leclère,1946-03-18,Null,France,H
387,Neville,Lederle,1938-09-25,2019-05-17,Afrique du Sud,H
388,Geoff,Lees,1951-05-01,Null,Royaume-Uni,H
389,Arthur,Legat,1898-11-01,1960-02-23,Belgique,H
390,Lamberto,Leoni,1953-05-24,Null,Italie,H
391,Les,Leston,1920-12-16,2012-05-13,Royaume-Uni,H
392,Pierre,Levegh,1905-12-22,1955-06-11,France,H
393,Jackie,Lewis,1936-11-01,Null,Null,H
394,Stuart,Lewis-Evans,1930-04-20,1958-10-25,Royaume-Uni,H
395,Guy,Ligier,1930-07-12,2015-08-23,France,H
396,Arvid,Lindblad,2007-08-08,Null,Royaume-Uni,H
397,Andy,Linden,1922-04-05,1987-02-10,États-Unis,H
398,Roberto,Lippi,1926-10-17,2011-10-31,Italie,H
399,Vitantonio,Liuzzi,1980-08-06,Null,Italie,H
400,Lella,Lombardi,1941-03-26,1992-03-03,Italie,F
401,Ernst,Loof,1907-07-04,1956-03-03,Allemagne,H
402,André,Lotterer,1981-11-19,Null,Allemagne,H
403,Henri,Louveau,1910-01-25,1991-01-07,France,H
404,John,Love,1924-12-07,2005-04-25,Zimbabwe,H
405,Pete,Lovely,1926-04-11,2011-05-15,États-Unis,H
406,Roger,Loyer,1907-08-05,1988-03-24,France,H
407,Jean,Lucas,1917-04-25,2003-09-27,France,H
408,Brett,Lunger,1945-11-14,Null,États-Unis,H
409,Michael,MacDowel,1932-09-13,2016-01-19,Royaume-Uni,H
410,Herbert,MacKay-Fraser,1927-06-23,1957-07-14,États-Unis,H
411,Lance,Macklin,1919-09-02,2002-08-29,Royaume-Uni,H
412,Tony,Maggs,1937-02-09,2009-06-02,Afrique du Sud,H
413,Umberto,Maglioli,1928-06-05,1999-02-07,Italie,H
414,Jan,Magnussen,1973-07-04,Null,Danemark,H
415,Kevin,Magnussen,1992-10-05,Null,Danemark,H
416,Guy,Mairesse,1910-08-10,1954-04-24,France,H
417,Willy,Mairesse,1928-10-01,1969-09-02,Belgique,H
418,Pastor,Maldonado,1985-03-09,Null,Venezuela,H
419,Nigel,Mansell,1953-08-08,Null,Royaume-Uni,H
420,Sergio,Mantovani,1929-05-22,2001-02-23,Italie,H
421,Robert,Manzon,1917-04-12,2015-01-19,France,H
422,Onofre,Marimón,1923-12-19,1954-07-31,Argentine,H
423,Helmut,Marko,1943-04-27,Null,Autriche,H
424,Tarso,Marques,1976-01-19,Null,Brésil,H
425,Leslie,Marr,1922-08-14,2021-05-04,Royaume-Uni,H
426,Tony,Marsh,1931-07-20,2009-05-07,Royaume-Uni,H
427,Eugène,Martin,1915-03-24,2006-10-12,France,H
428,Pierluigi,Martini,1961-04-23,Null,Italie,H
429,Jochen,Mass,1946-09-30,2025-05-04,Allemagne,H
430,Felipe,Massa,1981-04-25,Null,Brésil,H
431,Michael,May,1934-08-18,Null,Suisse,H
432,Tim,Mayer,1938-02-22,1964-02-28,États-Unis,H
433,Nikita,Mazepin,1999-03-02,Null,Russie,H
434,François,Mazet,1943-02-24,Null,France,H
435,Gastón,Mazzacane,1975-05-08,Null,Argentine,H
436,Kenneth,McAlpine,1920-09-21,2023-04-08,Royaume-Uni,H
437,Jack,McGrath,1919-10-08,1955-11-06,États-Unis,H
438,Bruce,McLaren,1937-08-30,1970-06-02,Nouvelle-Zélande,H
439,Allan,McNish,1969-12-29,Null,Royaume-Uni,H
440,Graham,McRae,1940-03-05,2021-08-04,Nouvelle-Zélande,H
441,Carlos,Menditeguy,1915-08-10,1973-04-27,Argentine,H
442,Roberto,Merhi,1991-03-22,Null,Espagne,H
443,Arturo,Merzario,1943-03-11,Null,Italie,H
444,Roberto,Mieres,1924-12-03,2012-01-26,Argentine,H
445,François,Migault,1944-12-04,2012-01-29,France,H
446,John,Miles,1943-06-14,2018-04-08,Royaume-Uni,H
447,André,Milhoux,1928-12-09,Null,Belgique,H
448,Chet,Miller,1902-07-19,1953-05-15,États-Unis,H
449,Gerhard,Mitter,1935-08-30,1969-08-01,Allemagne,H
450,Stefano,Modena,1963-05-12,Null,Italie,H
451,Franck,Montagny,1978-01-05,Null,France,H
452,Tiago,Monteiro,1976-07-24,Null,Portugal,H
453,Andrea,Montermini,1964-05-30,Null,Italie,H
454,Robin,Montgomerie-Charrington,1915-06-23,2007-04-03,Royaume-Uni,H
455,Juan,Montoya,1975-09-20,Null,Colombie,H
456,Gianni,Morbidelli,1968-01-13,Null,Italie,H
457,Roberto,Moreno,1959-02-11,Null,Brésil,H
458,Silvio,Moser,1941-04-24,1974-05-26,Suisse,H
459,Stirling,Moss,1929-09-17,2020-04-12,Royaume-Uni,H
460,Gino,Munaron,1928-04-02,2009-11-22,Italie,H
461,David,Murray,1909-12-28,1973-04-05,Royaume-Uni,H
462,Luigi,Musso,1924-07-28,1958-07-06,Italie,H
463,Kazuki,Nakajima,1985-01-11,Null,Japon,H
464,Satoru,Nakajima,1953-02-23,Null,Japon,H
465,Shinji,Nakano,1971-04-01,Null,Japon,H
466,Duke,Nalon,1913-03-02,2001-02-26,Null,H
467,Alessandro,Nannini,1959-07-07,Null,Italie,H
468,Emanuele,Naspetti,1968-02-24,Null,Italie,H
469,Felipe,Nasr,1992-08-21,Null,Brésil,H
470,Massimo,Natili,1935-07-28,2017-09-19,Italie,H
471,Brian,Naylor,1923-03-24,1989-08-08,Royaume-Uni,H
472,Mike,Nazaruk,1921-10-02,1955-05-01,États-Unis,H
473,Tiff,Needell,1951-10-29,Null,Royaume-Uni,H
474,Patrick,Nève,1949-10-13,2017-03-12,Belgique,H
475,John,Nicholson,1941-10-06,2017-09-19,Nouvelle-Zélande,H
476,Helmut,Niedermayr,1915-11-29,1985-04-03,Allemagne,H
477,Brausch,Niemann,1939-01-07,Null,Afrique du Sud,H
478,Gunnar,Nilsson,1948-11-20,1978-10-20,Suède,H
479,Hideki,Noda,1969-03-07,Null,Japon,H
480,Lando,Norris,1999-11-13,Null,Royaume-Uni,H
481,Rodney,Nuckey,1929-06-26,2000-06-29,Royaume-Uni,H
482,Robert,O'Brien,1908-04-11,1987-02-10,États-Unis,H
483,Pat,O'Connor,1928-10-09,1958-05-30,États-Unis,H
484,Esteban,Ocon,1996-09-17,Null,France,H
485,Jackie,Oliver,1942-08-14,Null,Royaume-Uni,H
486,Danny,Ongais,1942-05-21,2022-02-26,États-Unis,H
487,Arthur,Owen,1915-03-23,2002-04-27,Royaume-Uni,H
488,Carlos,Pace,1944-10-06,1977-03-18,Brésil,H
489,Cirillo,Pagani,1911-10-11,2003-10-18,Italie,H
490,Riccardo,Paletti,1958-06-15,1982-06-13,Italie,H
491,Jolyon,Palmer,1991-01-20,Null,Royaume-Uni,H
492,Jonathan,Palmer,1956-11-07,Null,Royaume-Uni,H
493,Olivier,Panis,1966-09-02,Null,France,H
494,Giorgio,Pantano,1979-02-04,Null,Italie,H
495,Massimiliano,Papis,1969-10-03,Null,Italie,H
496,Mike,Parkes,1931-09-24,1977-08-28,Royaume-Uni,H
497,Reg,Parnell,1911-07-02,1964-01-07,Royaume-Uni,H
498,Tim,Parnell,1932-06-25,2017-04-05,Royaume-Uni,H
499,Johnnie,Parsons,1918-07-04,1984-09-08,États-Unis,H
500,Riccardo,Patrese,1954-04-17,Null,Italie,H
501,Al,Pease,1921-10-15,2014-05-04,Canada,H
502,Roger,Penske,1937-02-20,Null,États-Unis,H
503,Cesare,Perdisa,1932-10-21,1998-05-10,Italie,H
504,Sergio,Pérez,1990-01-26,Null,Mexique,H
505,Luis,Pérez-Sala,1959-05-15,Null,Espagne,H
506,Larry,Perkins,1950-03-18,Null,Australie,H
507,Henri,Pescarolo,1942-09-25,Null,France,H
508,Alessandro,Pesenti-Rossi,1942-08-31,2026-02-21,Italie,H
509,Josef,Peters,1914-09-16,2001-04-24,Allemagne,H
510,Ronnie,Peterson,1944-02-14,1978-09-11,Suède,H
511,Vitaly,Petrov,1984-09-08,Null,Russie,H
512,Oscar,Piastri,2001-04-06,Null,Australie,H
513,Charles,Pic,1990-02-15,Null,France,H
514,Ernie,Pieterse,1938-07-04,2017-11-01,Afrique du Sud,H
515,Paul,Pietsch,1911-06-20,2012-05-31,Allemagne,H
516,André,Pilette,1918-10-06,1993-12-27,Belgique,H
517,Teddy,Pilette,1942-07-26,Null,Belgique,H
518,Luigi,Piotti,1913-10-27,1971-04-19,Italie,H
519,David,Piper,1930-12-02,Null,Royaume-Uni,H
520,Nelson,Piquet,1952-08-17,Null,Brésil,H
521,Nelson,Jr,1985-07-25,Null,Brésil,H
522,Renato,Pirocchi,1933-03-26,2002-07-29,Italie,H
523,Didier,Pironi,1952-03-26,1987-08-23,France,H
524,Emanuele,Pirro,1962-01-12,Null,Italie,H
525,Antônio,Pizzonia,1980-09-11,Null,Brésil,H
526,Jacques,Pollet,1922-07-28,1997-08-16,France,H
527,Ben,Pon,1936-12-09,2019-09-30,Pays-Bas,H
528,Dennis,Poore,1916-08-19,1987-02-12,Royaume-Uni,H
529,Sam,Posey,1944-05-26,Null,États-Unis,H
530,Charles,Pozzi,1909-08-27,2001-02-28,France,H
531,Jackie,Pretorius,1934-11-22,2009-03-30,Afrique du Sud,H
532,David,Prophet,1937-10-09,1981-03-29,Royaume-Uni,H
533,Alain,Prost,1955-02-24,Null,France,H
534,Tom,Pryce,1949-06-11,1977-03-05,Royaume-Uni,H
535,David,Purley,1945-01-26,1985-07-02,Royaume-Uni,H
536,Dieter,Quester,1939-05-30,Null,Autriche,H
537,Ian,Raby,1921-09-22,1967-11-07,Royaume-Uni,H
538,Bobby,Rahal,1953-01-10,Null,États-Unis,H
539,Kimi,Räikkönen,1979-10-17,Null,Finlande,H
540,Pierre-Henri,Raphanel,1961-05-27,Null,France,H
541,Dick,Rathmann,1926-01-06,2000-02-01,Null,H
542,Jim,Rathmann,1928-07-16,2011-11-23,États-Unis,H
543,Roland,Ratzenberger,1960-07-04,1994-04-30,Autriche,H
544,Héctor,Rebaque,1956-02-05,Null,Mexique,H
545,Brian,Redman,1937-03-09,Null,Royaume-Uni,H
546,Alan,Rees,1938-01-12,2024-09-06,Royaume-Uni,H
547,Clay,Regazzoni,1939-09-05,2006-12-15,Suisse,H
548,Carlos,Reutemann,1942-04-12,2021-07-07,Argentine,H
549,Lance,Reventlow,1936-02-24,1972-07-24,États-Unis,H
550,Peter,Revson,1939-02-27,1974-03-22,États-Unis,H
551,John,Rhodes,1927-08-18,Null,Royaume-Uni,H
552,Alex,Ribeiro,1948-11-07,Null,Brésil,H
553,Daniel,Ricciardo,1989-07-01,Null,Australie,H
554,Fritz,Riess,1922-07-11,1991-05-15,Allemagne,H
555,Jochen,Rindt,1942-04-18,1970-09-05,Autriche,H
556,John,Riseley-Prichard,1924-01-17,1993-07-08,Royaume-Uni,H
557,Richard,Robarts,1944-09-22,Null,Royaume-Uni,H
558,Alberto,Rodriguez Larreta,1934-01-14,1977-03-11,Argentine,H
559,Pedro,Rodríguez de la Vega,1940-01-18,1971-07-11,Mexique,H
560,Ricardo,Rodríguez,1942-02-14,1962-11-01,Mexique,H
561,Franco,Rol,1908-06-05,1977-06-18,Italie,H
562,Tony,Rolt,1918-10-16,2008-02-06,Royaume-Uni,H
563,Keke,Rosberg,1948-12-06,Null,Finlande,H
564,Nico,Rosberg,1985-06-27,Null,Allemagne,H
565,Mauri,Rose,1906-05-26,1981-01-01,États-Unis,H
566,Louis,Rosier,1905-11-05,1956-10-29,France,H
567,Ricardo,Rosset,1968-07-27,Null,Brésil,H
568,Alexander,Rossi,1991-09-25,Null,États-Unis,H
569,Huub,Rothengatter,1954-10-08,Null,Pays-Bas,H
570,Lloyd,Ruby,1928-01-12,2009-03-23,États-Unis,H
571,George,Russell,1998-02-15,Null,Royaume-Uni,H
572,Paul,Russo,1914-04-10,1976-02-13,États-Unis,H
573,Troy,Ruttman,1930-03-11,1997-05-19,États-Unis,H
574,Peter,Ryan,1940-06-10,1962-07-02,Canada,H
575,Eddie,Sachs,1927-05-28,1964-05-30,États-Unis,H
576,Bob,Said,1932-05-05,2002-03-24,États-Unis,H
577,Carlos,Jr.,1994-09-01,Null,Espagne,H
578,Eliseo,Salazar,1954-11-14,Null,Chili,H
579,Mika,Salo,1966-11-30,Null,Finlande,H
580,Roy,Salvadori,1922-05-12,2012-06-03,Royaume-Uni,H
581,Consalvo,Sanesi,1911-03-28,1998-07-28,Italie,H
582,Logan,Sargeant,2000-12-31,Null,États-Unis,H
583,Stéphane,Sarrazin,1975-11-02,Null,France,H
584,Takuma,Satō,1977-01-28,Null,Japon,H
585,Carl,Scarborough,1914-07-03,1953-05-30,États-Unis,H
586,Ludovico,Scarfiotti,1933-10-18,1968-06-08,Italie,H
587,Giorgio,Scarlatti,1921-10-02,1990-07-26,Italie,H
588,Ian,Scheckter,1947-08-22,Null,Afrique du Sud,H
589,Jody,Scheckter,1950-01-29,Null,Afrique du Sud,H
590,Harry,Schell,1921-06-29,1960-05-13,États-Unis,H
591,Tim,Schenken,1943-09-26,Null,Australie,H
592,Albert,Scherrer,1908-02-28,1986-07-05,Suisse,H
593,Domenico,Schiattarella,1967-11-17,Null,Italie,H
594,Heinz,Schiller,1930-01-25,2007-03-26,Suisse,H
595,Jean-Louis,Schlesser,1948-09-12,Null,France,H
596,Jo,Schlesser,1928-05-18,1968-07-07,France,H
597,Bernd,Schneider,1964-07-20,Null,Allemagne,H
598,Rudolf,Schoeller,1902-04-27,1978-03-07,Suisse,H
599,Rob,Schroeder,1926-05-11,2011-12-03,États-Unis,H
600,Michael,Schumacher,1969-01-03,Null,Allemagne,H
601,Mick,Schumacher,1999-03-22,Null,Allemagne,H
602,Ralf,Schumacher,1975-06-30,Null,Allemagne,H
603,Vern,Schuppan,1943-03-19,Null,Australie,H
604,Adolfo,Schwelm Cruz,1923-06-28,2012-02-10,Argentine,H
605,Archie,Scott Brown,1927-05-13,1958-05-19,Royaume-Uni,H
606,Piero,Scotti,1909-11-11,1976-02-14,Italie,H
607,Wolfgang,Seidel,1926-07-04,1987-03-01,Allemagne,H
608,Ayrton,Senna,1960-03-21,1994-05-01,Brésil,H
609,Bruno,Senna,1983-10-15,Null,Brésil,H
610,Dorino,Serafini,1909-07-22,2000-07-05,Italie,H
611,Chico,Serra,1957-02-03,Null,Brésil,H
612,Doug,Serrurier,1920-12-09,2006-06-03,Afrique du Sud,H
613,Johnny,Servoz-Gavin,1942-01-18,2006-05-29,France,H
614,Tony,Settember,1926-07-10,2014-05-04,États-Unis,H
615,James,Sharp,1928-01-01,1993-05-07,États-Unis,H
616,Brian,Shawe-Taylor,1915-01-29,1999-05-01,Royaume-Uni,H
617,Carroll,Shelby,1923-01-11,2012-05-10,États-Unis,H
618,Anthony,Shelly,1937-02-02,1998-10-04,Nouvelle-Zélande,H
619,Joseph,Siffert,1936-07-07,1971-10-24,Suisse,H
620,André,Simon,1920-01-05,2012-07-11,France,H
621,Sergey,Sirotkin,1995-08-27,Null,Russie,H
622,Moisés,Solana,1935-12-26,1969-07-27,Mexique,H
623,Alex,Soler-Roig,1931-10-29,Null,Espagne,H
624,Raymond,Sommer,1906-08-31,1950-09-10,France,H
625,Mike,Sparken,1930-06-16,2012-09-21,France,H
626,Scott,Speed,1983-01-24,Null,États-Unis,H
627,Mike,Spence,1936-12-30,1968-05-07,Royaume-Uni,H
628,Alan,Stacey,1933-08-29,1960-06-19,Royaume-Uni,H
629,Gaetano,Starrabba,1932-12-03,Null,Italie,H
630,Will,Stevens,1991-06-28,Null,Royaume-Uni,H
631,Chuck,Stevenson,1919-10-15,1995-08-21,États-Unis,H
632,Ian,Stewart,1929-07-15,2017-03-19,Royaume-Uni,H
633,Jackie,Stewart,1939-06-11,Null,Royaume-Uni,H
634,Jimmy,Stewart,1931-03-06,2008-01-03,Royaume-Uni,H
635,Siegfried,Stohr,1952-10-10,Null,Italie,H
636,Rolf,Stommelen,1943-07-11,1983-04-24,Allemagne,H
637,Philippe,Streiff,1955-06-26,2022-12-23,France,H
638,Lance,Stroll,1998-10-29,Null,Canada,H
639,Hans,Stuck,1900-12-27,1978-02-09,Allemagne,H
640,Hans-Joachim,Stuck,1951-01-01,Null,Allemagne,H
641,Danny,Sullivan,1950-03-09,Null,États-Unis,H
642,Marc,Surer,1951-09-18,Null,Suisse,H
643,John,Surtees,1934-02-11,2017-03-10,Royaume-Uni,H
644,Adrian,Sutil,1983-01-11,Null,Allemagne,H
645,Aguri,Suzuki,1960-09-08,Null,Japon,H
646,Toshio,Suzuki,1955-03-10,Null,Japon,H
647,Jacques,Swaters,1926-10-30,2010-12-10,Belgique,H
648,Bob,Sweikert,1926-05-20,1956-06-17,États-Unis,H
649,Toranosuke,Takagi,1974-02-12,Null,Japon,H
650,Noritake,Takahara,1951-06-06,Null,Japon,H
651,Kunimitsu,Takahashi,1940-01-29,2022-03-16,Japon,H
652,Patrick,Tambay,1949-06-25,2022-12-04,France,H
653,Gabriele,Tarquini,1962-03-02,Null,Italie,H
654,Piero,Taruffi,1906-10-12,1988-01-12,Italie,H
655,Henry,Taylor,1932-12-16,2013-10-24,Royaume-Uni,H
656,John,Taylor,1933-03-23,1966-09-08,Royaume-Uni,H
657,Mike,Taylor,1934-04-24,2017-04-04,Royaume-Uni,H
658,Trevor,Taylor,1936-12-26,2010-09-27,Royaume-Uni,H
659,Marshall,Teague,1921-02-22,1959-02-11,Null,H
660,Mike,Thackwell,1961-03-30,Null,Nouvelle-Zélande,H
661,Alfonso,Thiele,1920-04-05,1986-07-15,Null,H
662,Eric,Thompson,1919-11-04,2015-08-22,Royaume-Uni,H
663,Johnny,Thomson,1922-04-09,1960-09-24,États-Unis,H
664,Leslie,Thorne,1916-06-23,1993-07-13,Royaume-Uni,H
665,Sam,Tingle,1921-08-24,2008-12-19,Zimbabwe,H
666,Desmond,Titterington,1928-05-01,2002-04-13,Royaume-Uni,H
667,Johnnie,Tolan,1918-10-22,1986-06-02,États-Unis,H
668,Maurice,Trintignant,1917-10-30,2005-02-13,France,H
669,Jarno,Trulli,1974-07-13,Null,Italie,H
670,Yuki,Tsunoda,2000-05-11,Null,Japon,H
671,Esteban,Tuero,1978-04-22,Null,Argentine,H
672,Guy,Tunmer,1948-12-01,1999-06-22,Afrique du Sud,H
673,Toni,Ulmen,1906-01-25,1976-11-04,Allemagne,H
674,Bobby,Unser,1934-02-20,2021-05-02,États-Unis,H
675,Jerry,Unser,1932-11-15,1959-05-17,États-Unis,H
676,Alberto,Uria,1924-07-11,1988-12-04,Uruguay,H
677,Nino,Vaccarella,1933-03-04,2021-09-23,Italie,H
678,Stoffel,Vandoorne,1992-03-26,Null,Belgique,H
679,Eric,van de Poele,1961-09-30,Null,Belgique,H
680,Giedo,van der Garde,1985-04-25,Null,Pays-Bas,H
681,Dries,Van der Lof,1919-08-23,1990-05-24,Pays-Bas,H
682,Gijs,van Lennep,1942-03-16,Null,Pays-Bas,H
683,Basil,van Rooyen,1939-04-19,2023-09-14,Afrique du Sud,H
684,Jean-Éric,Vergne,1990-04-25,Null,France,H
685,Jos,Verstappen,1972-03-04,Null,Pays-Bas,H
686,Max,Verstappen,1997-09-30,Null,Belgique,H
687,Sebastian,Vettel,1987-07-03,Null,Allemagne,H
688,Gilles,Villeneuve,1950-01-18,1982-05-08,Canada,H
689,Jacques,Villeneuve,1971-04-09,Null,Canada,H
690,Luigi,Villoresi,1909-05-16,1997-08-24,Italie,H
691,Ottorino,Volonterio,1917-12-07,2003-03-10,Suisse,H
692,Rikky,von Opel,1947-10-14,Null,Liechtenstein,H
693,Wolfgang,von Trips,1928-05-04,1961-09-10,Allemagne,H
694,Jo,Vonlanthen,1942-05-31,Null,Suisse,H
695,Bill,Vukovich,1918-12-13,1955-05-30,États-Unis,H
696,Fred,Wacker,1918-07-10,1998-06-16,États-Unis,H
697,David,Walker,1941-06-10,2024-05-24,Australie,H
698,Peter,Walker,1912-10-07,1984-03-01,Royaume-Uni,H
699,Lee,Wallard,1910-09-07,1963-11-29,États-Unis,H
700,Heini,Walter,1927-07-28,2009-05-12,Suisse,H
701,Rodger,Ward,1921-01-10,2004-07-05,États-Unis,H
702,Derek,Warwick,1954-08-27,Null,Royaume-Uni,H
703,John,Watson,1946-05-04,Null,Royaume-Uni,H
704,Mark,Webber,1976-08-27,Null,Australie,H
705,Pascal,Wehrlein,1994-10-18,Null,Allemagne,H
706,Karl,Wendlinger,1968-12-20,Null,Autriche,H
707,Ken,Wharton,1916-03-21,1957-01-12,Royaume-Uni,H
708,Graham,Whitehead,1922-04-15,1981-01-15,Royaume-Uni,H
709,Peter,Whitehead,1914-11-12,1958-09-21,Royaume-Uni,H
710,Bill,Whitehouse,1909-04-01,1957-07-14,Royaume-Uni,H
711,Robin,Widdows,1942-05-27,Null,Royaume-Uni,H
712,Eppie,Wietzes,Null,Null,Null,H
713,Mike,Wilds,1946-01-07,Null,Royaume-Uni,H
714,Roger,Williamson,1948-02-02,1973-07-29,Royaume-Uni,H
715,Justin,Wilson,1978-07-31,2015-08-24,Royaume-Uni,H
716,Vic,Wilson,1931-04-14,2001-01-14,Royaume-Uni,H
717,Manfred,Winkelhock,1951-10-06,1985-08-12,Allemagne,H
718,Markus,Winkelhock,1980-06-13,Null,Allemagne,H
719,Reine,Wisell,1941-09-30,2022-03-20,Suède,H
720,Alexander,Wurz,1974-02-15,Null,Autriche,H
721,Sakon,Yamamoto,1982-07-09,Null,Japon,H
722,Alex,Yoong,1976-07-20,Null,Malaisie,H
723,Alessandro,Zanardi,1966-10-23,Null,Italie,H
724,Zhou,Guanyu周冠宇,1999-05-30,Null,Chine,H
725,Ricardo,Zonta,1976-03-23,Null,Brésil,H
726,Renzo,Zorzi,1946-12-12,2015-05-15,Italie,H
727,Ricardo,Zunino,1949-04-13,Null,Argentine,H
728,Maria Teresa,De Filippis,1926-11-11,2016-01-09,Italie,F
729,Divina,Galica,1944-08-13,Null,Royaume-Uni,F
730,Desiré,Wilson,1953-11-26,Null,Afrique du Sud,F
731,Giovanna,Amati,1959-07-20,Null,Italie,F
